pge_id;nom;lat_deco;lon_deco;alt_deco_m;orientations;parapente;delta;thermique;soaring;treuil;cross;plaine;atterro_nom;lat_atterro;lon_atterro;alt_atterro_m;lien_pge;ffvl_id
2824;Abbaretz;47.5622;-1.54;53;NE;1;0;0;0;0;0;0;;;;;http://www.paraglidingearth.com/?site=2824;0
3035;Abondance;46.2589;6.78028;2320;SE,W;1;0;0;0;0;0;0;;;;;http://www.paraglidingearth.com/?site=3035;0
2916;Accous - 500;42.9747;-0.56111;1220;S;1;0;0;0;0;0;0;;42.9672;-0.56694;710;http://www.paraglidingearth.com/?site=2916;0
2917;Accous - delta-parapente;42.9819;-0.57028;1225;SW,W;1;1;1;0;0;0;0;;42.9775;-0.60111;460;http://www.paraglidingearth.com/?site=2917;0
3022;Agy plane;46.0797;6.61907;1275;N,NE,SW,W,NW;1;1;0;0;0;0;0;;46.0717;6.57759;482;http://www.paraglidingearth.com/?site=3022;0
2645;Aigre;45.9219;3.575;764;E,W;1;0;0;0;0;0;0;;;;;http://www.paraglidingearth.com/?site=2645;0
11292;Aiguille du Midi -S / N;45.8807;6.89602;3593;N,NE,SE,S,SW,NW;1;0;1;1;0;1;0;Bois du Bouchet;45.9316;6.88126;1049;http://www.paraglidingearth.com/?site=11292;0
22529;Aiguille rouge;45.9616;6.68513;-1;;1;0;1;0;0;1;0;;;;;http://www.paraglidingearth.com/?site=22529;0
3029;Aiguillette (les Houches);45.9114;6.81917;1745;S,SW;1;0;1;0;0;1;0;;;;;http://www.paraglidingearth.com/?site=3029;0
3073;Aiguines;43.7797;6.25667;988;SW,W;1;0;0;0;0;0;0;;;;;http://www.paraglidingearth.com/?site=3073;0
11699;Alaric;43.1475;2.63157;545;;1;0;0;0;0;0;0;;;;;http://www.paraglidingearth.com/?site=11699;0
6183;Allevard-les Plagnes;45.3878;6.1475;2066;S,SW;1;0;1;1;0;1;0;;45.3861;6.06806;490;http://www.paraglidingearth.com/?site=6183;0
2786;Allevard-Malatrait;45.3937;6.1066;1409;N,W,NW;1;1;1;0;0;1;0;;45.3861;6.06806;490;http://www.paraglidingearth.com/?site=2786;0
6182;Allevard-south takeoff;45.3922;6.11501;1549;SE,S,SW;1;0;1;0;0;0;0;;45.3861;6.06806;490;http://www.paraglidingearth.com/?site=6182;0
2787;Allevard-St Pierre;45.385;6.0388;987;SE;1;0;1;0;0;0;0;;45.3769;6.055;503;http://www.paraglidingearth.com/?site=2787;0
2795;Alpes d'huez;45.1012;6.06059;2103;E;1;0;0;0;0;0;0;Bourg d'Oisans;45.0702;6.03364;716;http://www.paraglidingearth.com/?site=2795;0
2941;Altenberg - rocher du coucou;48.2987;7.3117;300;N,NE;1;1;1;1;0;1;0;;48.3305;7.2867;759;http://www.paraglidingearth.com/?site=2941;0
11412;Altiport (Les Arcs);45.5766;6.7994;2081;SW,W,NW;1;0;0;0;0;0;0;;45.5914;6.7513;754;http://www.paraglidingearth.com/?site=11412;0
2951;Altmatt;48.0311;7.07472;628;SE,S,SW;1;0;1;0;0;0;0;;;;;http://www.paraglidingearth.com/?site=2951;0
2703;Amathay;47.02;6.22167;806;NW;1;0;0;0;0;0;0;;;;;http://www.paraglidingearth.com/?site=2703;0
22110;Amigny;47.3235;2.79901;333;N,NE;1;0;0;0;0;0;0;;;;;http://www.paraglidingearth.com/?site=22110;0
17010;Ancelle;44.6309;6.21507;1517;S,SW,W;1;0;0;0;0;0;0;;;;;http://www.paraglidingearth.com/?site=17010;0
2757;Anduze;44.0592;3.99861;268;W,NW;1;0;0;0;0;0;0;;;;;http://www.paraglidingearth.com/?site=2757;0
14033;Anglettaz;45.9588;6.24142;1543;;1;0;0;0;0;0;0;;;;;http://www.paraglidingearth.com/?site=14033;0
2646;Angouleme;45.5547;0.01639;94;N,S;1;0;0;0;0;0;0;;;;;http://www.paraglidingearth.com/?site=2646;0
17858;Anguilla - Deco sud est;18.1215;-63.0202;30;SE,S;1;0;0;0;0;0;0;;18.1171;-63.0216;15;http://www.paraglidingearth.com/?site=17858;0
17861;Anguilla -deco sud2;18.112;-63.0238;99;S;1;0;0;1;0;0;0;;18.1095;-63.0238;17;http://www.paraglidingearth.com/?site=17861;0
21842;Annecy - Planfait;45.8532;6.22299;956;SW,W,NW;1;0;1;1;0;1;0;Talloires;45.8486;6.21407;555;http://www.paraglidingearth.com/?site=21842;0
11356;Antony;48.7517;2.2794;85;NW;1;0;0;0;0;0;0;;48.7524;2.2788;79;http://www.paraglidingearth.com/?site=11356;0
2899;Anzat le luguet;45.3303;3.005;1359;N,NE,E,SE;1;0;0;0;0;0;0;;;;;http://www.paraglidingearth.com/?site=2899;0
23303;Arbas Cornudère;42.958;0.89077;1554;;1;0;1;0;0;0;0;Arbas;42.9914;0.90446;420;http://www.paraglidingearth.com/?site=23303;0
23304;Arbas Herran (Michel Belaygue);42.9602;0.91251;1215;;1;;;;;;;Arbas;42.9914;0.90445;420;http://www.paraglidingearth.com/?site=23304;0
11975;Arbas Planot;42.9699;0.88572;1108;;1;0;0;0;0;0;0;Arbas;42.9914;0.90447;420;http://www.paraglidingearth.com/?site=11975;0
23305;Arbas Relais;43.0073;0.91888;807;;1;;;;;;;Arbas;42.9914;0.90446;420;http://www.paraglidingearth.com/?site=23305;0
2526;Archail;44.1097;6.36333;1825;NW;1;0;0;0;0;0;0;;;;;http://www.paraglidingearth.com/?site=2526;0
3104;Arcy sur cure;47.6011;3.77778;225;S,SW;1;0;0;0;0;0;0;;;;;http://www.paraglidingearth.com/?site=3104;0
3077;Arfuyen;44.1913;5.1014;574;E,SE;1;0;0;0;0;0;0;;44.1908;5.1207;295;http://www.paraglidingearth.com/?site=3077;0
2594;Argeliers;43.315;2.885;174;E,SE,S,SW;1;0;1;1;0;0;1;Atterrissage;43.3136;2.89189;50;http://www.paraglidingearth.com/?site=2594;0
2706;Arguel;47.1947;5.99056;458;N;1;0;0;0;0;0;0;Atterrissage;47.2005;5.98652;231;http://www.paraglidingearth.com/?site=2706;0
23445;Arimoun - Ger;43.0528;-0.02929;786;N,NW;1;0;0;0;0;0;0;;;;;http://www.paraglidingearth.com/?site=23445;0
11413;Arpette (Les Arcs);45.5834;6.8048;2151;SW,W,NW;1;0;1;1;0;0;0;;45.5917;6.7513;754;http://www.paraglidingearth.com/?site=11413;0
2583;Arrout;42.9435;1.01471;0;E;1;0;0;0;0;0;0;;;;;http://www.paraglidingearth.com/?site=2583;0
15532;Arzeliers;44.3748;5.81212;1142;S;1;0;1;1;0;0;0;;44.3689;5.80336;877;http://www.paraglidingearth.com/?site=15532;0
23545;Arête De Fresse Table d’Orientation;45.4485;6.92613;2670;;1;;;;;;;;;;;http://www.paraglidingearth.com/?site=23545;0
22045;Aslonnes;46.4406;0.34442;131;N,NE,E,S,SW,W;1;0;0;0;1;0;1;Landing A;46.4408;0.34461;130;http://www.paraglidingearth.com/?site=22045;0
22232;Asnan;47.3156;3.5509;367;W;1;0;1;1;0;0;0;;47.3138;3.54733;301;http://www.paraglidingearth.com/?site=22232;0
2547;Aspres;44.543;5.7092;1549;SE,S,SW;1;1;1;1;0;1;0;;44.5199;5.7364;833;http://www.paraglidingearth.com/?site=2547;0
14951;Assay les jumaux;46.7973;-0.07585;131;;1;0;0;0;0;0;0;;;;;http://www.paraglidingearth.com/?site=14951;0
2676;Athie;47.5733;4.2724;376;SW,W,NW;1;0;1;1;0;0;0;;47.5721;4.26823;275;http://www.paraglidingearth.com/?site=2676;0
23130;Atterrissage Balsac;44.4082;2.42924;399;;1;;;;;;;;;;;http://www.paraglidingearth.com/?site=23130;0
23134;Atterrissage de Recoules;44.3467;2.98991;678;;1;;;;;;;;;;;http://www.paraglidingearth.com/?site=23134;0
23128;Atterrissage Grand Mas;44.5098;2.50717;339;;1;;;;;;;;;;;http://www.paraglidingearth.com/?site=23128;0
22188;Atterro : Coupiac;43.8955;3.69984;166;;1;0;0;0;0;0;0;;;;;http://www.paraglidingearth.com/?site=22188;0
22876;Atterro des Prats;43.8499;3.64957;171;;1;;;;;;;;;;;http://www.paraglidingearth.com/?site=22876;0
23132;attérissage de Clairvaux-d'Aveyron;44.4293;2.41103;336;;1;;;;;;;;;;;http://www.paraglidingearth.com/?site=23132;0
19844;Au 4 vents;46.4495;4.7146;493;SW,W;1;0;1;1;0;0;0;;46.4523;4.715;463;http://www.paraglidingearth.com/?site=19844;0
2686;Aubas;45.0886;1.2151;203;N,NE,NW;1;0;0;0;0;0;0;;45.0935;1.2195;80;http://www.paraglidingearth.com/?site=2686;0
9835;Aucun;42.9902;-0.19637;1384;N,NE,E,SE,W,NW;1;1;1;0;0;1;0;;42.9729;-0.1866;845;http://www.paraglidingearth.com/?site=9835;0
2629;Aunay-sur-Odon;49.0019;-0.65506;266;N,NW;1;0;1;1;0;0;0;;49.0053;-0.65769;174;http://www.paraglidingearth.com/?site=2629;0
22470;Aureille;44.5628;5.64587;1448;;1;0;0;0;0;0;0;;;;;http://www.paraglidingearth.com/?site=22470;0
2720;Aurel;44.7036;5.31806;947;NW;1;0;0;0;0;0;0;;;;;http://www.paraglidingearth.com/?site=2720;0
2555;Auron;44.2367;6.90361;2240;S;1;0;1;0;0;1;0;;44.2331;6.93611;1462;http://www.paraglidingearth.com/?site=2555;0
2996;Aussois;45.2458;6.73556;2102;SE,S;1;0;0;0;0;0;0;;;;;http://www.paraglidingearth.com/?site=2996;0
2876;Auteuil;49.3303;2.0913;205;N;1;0;1;1;0;0;0;;49.3323;2.0908;158;http://www.paraglidingearth.com/?site=2876;0
2979;Autun;46.9339;4.28722;581;N,NE;1;0;0;0;0;0;0;;;;;http://www.paraglidingearth.com/?site=2979;0
10660;Avoriaz;46.1946;6.768;1819;N,NE,S,SW,W,NW;1;1;1;1;1;1;0;;46.1893;6.754;1182;http://www.paraglidingearth.com/?site=10660;0
2835;Ayet;44.3399;0.3333;151;SW,NW;1;0;0;0;0;0;0;;44.3429;0.3295;55;http://www.paraglidingearth.com/?site=2835;0
12242;aérodrome montardoise;48.4715;4.20422;172;;1;0;0;0;0;0;0;;;;;http://www.paraglidingearth.com/?site=12242;0
2918;Baigura;43.2931;-1.2915;830;N,NE,E,W,NW;1;0;0;0;0;0;0;;43.3096;-1.2846;310;http://www.paraglidingearth.com/?site=2918;0
22134;Balistra;41.4354;9.22182;29;N,NE,E,SE;1;0;0;1;0;0;0;;;;;http://www.paraglidingearth.com/?site=22134;0
3083;Ballon d Alsace;47.8249;6.84002;1230;N,NE,E,NW;1;1;1;1;0;0;0;;47.843;6.8592;614;http://www.paraglidingearth.com/?site=3083;0
2503;Balvay;46.1831;5.46583;594;S;1;0;0;0;0;0;0;;;;;http://www.paraglidingearth.com/?site=2503;0
17738;Balveurche;48.0568;6.99787;1133;SW,W;1;0;0;0;0;0;0;;;;;http://www.paraglidingearth.com/?site=17738;0
3009;Bande;45.473;5.7774;953;S;1;0;0;0;0;0;0;;45.4485;5.7817;417;http://www.paraglidingearth.com/?site=3009;0
7226;Banon;44.05;5.635;1047;NE,E,SE,S,SW;1;0;0;0;0;0;1;;44.0428;5.64284;729;http://www.paraglidingearth.com/?site=7226;0
9885;Bar-sur-Aube;48.2184;4.69953;314;E;1;1;1;1;0;0;0;;48.2207;4.70531;168;http://www.paraglidingearth.com/?site=9885;0
2644;Barbeziere;45.8997;0.01667;68;N,S;1;1;0;0;1;0;0;;;;;http://www.paraglidingearth.com/?site=2644;0
2930;Bareges-tourmalet;42.9104;0.14314;2188;W;1;0;0;0;0;0;0;;42.9042;0.10194;1455;http://www.paraglidingearth.com/?site=2930;0
3072;Bargemon - col du belhomme;43.6383;6.56045;1019;SE,S;1;1;1;1;0;1;0;;43.6184;6.56;348;http://www.paraglidingearth.com/?site=3072;0
2842;Barjac;44.5022;3.41861;973;SW,W;1;0;0;0;0;0;0;;44.5131;3.41722;731;http://www.paraglidingearth.com/?site=2842;0
22528;Barmerousse;45.9542;6.69335;-1;S,SW,W;1;0;1;0;0;1;0;;;;;http://www.paraglidingearth.com/?site=22528;0
2736;Barneville sur seine;49.3878;0.8481;137;N,NE,NW;1;0;1;1;0;0;0;;49.3915;0.8522;12;http://www.paraglidingearth.com/?site=2736;0
2868;Base de chambley;49.0333;5.86667;236;;1;0;0;0;0;0;0;;;;;http://www.paraglidingearth.com/?site=2868;0
14519;Base de treuil de Villeneuve renneville;48.9387;4.0582;104;N,NE,E,SE,S,SW,W,NW;1;0;1;0;1;0;1;;48.9388;4.0584;104;http://www.paraglidingearth.com/?site=14519;0
16544;BASSE-HAM;49.3831;6.2086;150;;1;0;0;0;0;0;0;;;;;http://www.paraglidingearth.com/?site=16544;0
11398;Bastberg;48.8118;7.45119;317;N,W,NW;1;0;0;1;0;0;0;;48.8136;7.4443;217;http://www.paraglidingearth.com/?site=11398;0
2658;Battaglia;42.5483;9.00722;1096;NW;1;0;0;0;0;0;0;;42.5967;9.02889;371;http://www.paraglidingearth.com/?site=2658;0
2660;Battaglia - croce d\'olu;42.5484;8.9984;1130;NW;1;0;0;0;0;0;0;null;42.584;8.97235;119;http://www.paraglidingearth.com/?site=2660;0
14582;Batère;42.5039;2.54888;1568;E,SE,S,SW;1;0;1;0;0;1;0;Official landing;42.4882;2.55539;1020;http://www.paraglidingearth.com/?site=14582;0
9333;Baulme la Roche;47.3487;4.8015;559;SW;1;0;1;1;0;0;0;;47.347;4.7969;414;http://www.paraglidingearth.com/?site=9333;0
2702;Baume les dames;47.3494;6.38667;393;W;1;0;0;0;0;0;0;;;;;http://www.paraglidingearth.com/?site=2702;0
7187;Beaulieu sur layon;47.311;-0.60116;65;S,SW;1;1;1;1;0;0;0;;47.3089;-0.60227;21;http://www.paraglidingearth.com/?site=7187;0
2724;Beauvoisin;44.3031;5.23694;843;S,SW,W;1;0;1;1;0;1;0;;;;;http://www.paraglidingearth.com/?site=2724;0
19192;Beg ar Fry;48.7039;-3.7208;56;N,NE;1;0;0;1;0;0;0;;48.7044;-3.7231;72;http://www.paraglidingearth.com/?site=19192;0
17634;Belchou;43.151;-1.05047;1073;;1;0;0;0;0;0;0;;;;;http://www.paraglidingearth.com/?site=17634;0
2659;Belgodere;42.5917;9.02917;502;W;1;0;0;0;0;0;0;null;42.5978;9.009;86;http://www.paraglidingearth.com/?site=2659;0
23955;Belloch;42.479;1.92582;1675;;1;;;;;;;;;;;http://www.paraglidingearth.com/?site=23955;0
2942;Belmont;48.4192;7.2392;931;SW;1;0;0;1;0;0;0;;48.4168;7.2369;840;http://www.paraglidingearth.com/?site=2942;0
22635;Belvedere;45.0894;5.59364;1387;W;1;0;1;0;0;1;0;;;;;http://www.paraglidingearth.com/?site=22635;0
14777;Belvedere de Rosnoen;48.2627;-4.2142;118;SE,S,SW;1;1;1;1;0;0;0;;;;;http://www.paraglidingearth.com/?site=14777;0
2712;Bergies;44.2035;5.5114;1337;N,SW;1;0;1;1;0;0;0;;44.1967;5.5367;820;http://www.paraglidingearth.com/?site=2712;0
15527;Beynes;48.8538;1.8899;122;S,SW;1;0;1;1;0;0;0;;48.8522;1.8892;82;http://www.paraglidingearth.com/?site=15527;0
11360;Beynes (private);48.8431;1.9021;107;S,SW;1;0;1;1;0;0;0;;48.8433;1.8993;70;http://www.paraglidingearth.com/?site=11360;0
2701;Bief;47.3142;6.7725;699;N;1;0;0;0;0;0;0;;;;;http://www.paraglidingearth.com/?site=2701;0
2681;Bigaroque;44.8531;0.93583;145;SW;1;0;0;0;0;0;0;;;;;http://www.paraglidingearth.com/?site=2681;0
2668;Birout\'ale;42.8911;9.37194;710;NE,S,SW,NW;1;0;0;0;0;0;0;;;;;http://www.paraglidingearth.com/?site=2668;0
22586;Bisanne Nord;45.747;6.50384;1921;N,NE,W,NW;1;0;1;0;0;0;0;Aire d'atterrissage de Marthod;45.7284;6.41933;389;http://www.paraglidingearth.com/?site=22586;0
3019;Bisanne Sud;45.7469;6.50704;1929;E,SE,S,SW,W;1;0;1;0;0;1;0;;45.7215;6.5534;702;http://www.paraglidingearth.com/?site=3019;0
14863;Blancs Sablons;48.3658;-4.76667;27;SW,W,NW;1;0;0;1;0;0;0;;48.3658;-4.76667;27;http://www.paraglidingearth.com/?site=14863;0
23703;Bligny-sur-Ouche;47.1145;4.67557;513;W,NW;1;;;;;;;;;;;http://www.paraglidingearth.com/?site=23703;0
23629;Bologne;48.214;5.1525;346;;1;;;;;;;;;;;http://www.paraglidingearth.com/?site=23629;0
23632;Bologne;48.2186;5.14976;336;;1;;;;;;;;;;;http://www.paraglidingearth.com/?site=23632;0
11362;Bondoufle;48.6156;2.4011;97;N,SE,S,SW,W,NW;1;0;0;0;0;0;0;;48.6158;2.3994;77;http://www.paraglidingearth.com/?site=11362;0
2952;Bonhomme - la closerie;48.1861;7.09556;1038;SE;1;0;0;0;0;0;0;;;;;http://www.paraglidingearth.com/?site=2952;0
10724;Bonneval sur Arc;45.349;7.0558;2876;N,W;1;0;0;0;0;0;0;;45.3702;7.044;1781;http://www.paraglidingearth.com/?site=10724;0
2684;Bordas;45.0483;0.66361;128;SE,S;1;0;0;0;0;0;0;;;;;http://www.paraglidingearth.com/?site=2684;0
2650;Bort les orgues;45.3972;2.45639;828;S,SW,W;1;0;0;0;0;0;0;;;;;http://www.paraglidingearth.com/?site=2650;0
13519;Bouloc;44.1644;2.893;1030;;1;0;0;0;0;0;0;;;;;http://www.paraglidingearth.com/?site=13519;0
3002;Bourg st maurice;45.5692;6.76306;1446;W;1;0;0;0;0;0;0;;;;;http://www.paraglidingearth.com/?site=3002;0
22304;Bourg-Saint-Maurice - Atterro;45.6184;6.77308;808;;1;0;0;0;0;0;0;;;;;http://www.paraglidingearth.com/?site=22304;0
10864;Bozel (Le Pre);45.456;6.6571;1481;N,SW,W,NW;1;0;1;1;0;1;0;;45.4424;6.6546;848;http://www.paraglidingearth.com/?site=10864;0
2845;Brain sur l\'authion;47.4333;-0.4;18;N,S;1;0;0;0;0;0;0;;;;;http://www.paraglidingearth.com/?site=2845;0
13580;Brandeville;49.3918;5.32323;245;E;1;0;0;0;0;0;0;;;;;http://www.paraglidingearth.com/?site=13580;0
8271;breche perier;44.9574;6.0378;2503;NW;1;0;0;0;0;0;0;;44.9728;6.0691;1503;http://www.paraglidingearth.com/?site=8271;0
11436;Brehec;48.729;-2.9452;71;SE,S;1;0;0;1;0;0;0;;;;;http://www.paraglidingearth.com/?site=11436;0
2944;Breitenbach-Pelage;48.3837;7.2826;934;E,SE,S,SW;1;0;1;0;0;1;0;;48.3671;7.2893;436;http://www.paraglidingearth.com/?site=2944;0
2635;Brezons;45.0067;2.8143;1293;S,SW,W,NW;1;0;1;0;0;1;1;;44.9939;2.81;847;http://www.paraglidingearth.com/?site=2635;0
19620;Brimont;49.3442;4.0106;155;N,NW;1;0;0;1;0;0;0;;49.3454;4.0098;135;http://www.paraglidingearth.com/?site=19620;0
18789;brizon;46.0528;6.4426;1091;SW;1;0;1;1;0;0;0;;46.0631;6.4453;469;http://www.paraglidingearth.com/?site=18789;0
2739;Brosville;49.1181;1.11944;104;SW;1;0;0;0;0;0;0;;;;;http://www.paraglidingearth.com/?site=2739;0
2733;Buc;44.2251;5.4733;1066;E,W,NW;1;0;1;1;0;0;0;;44.2242;5.4682;954;http://www.paraglidingearth.com/?site=2733;0
22026;Butte de Suin;46.4341;4.475;585;;1;0;0;0;0;0;0;;;;;http://www.paraglidingearth.com/?site=22026;0
19588;Butte St Michel;48.2942;-2.932;307;NE;1;0;0;0;0;0;0;;48.2953;-2.9297;296;http://www.paraglidingearth.com/?site=19588;0
18459;Bué;47.3136;2.78152;324;E;1;0;0;0;0;0;0;;;;;http://www.paraglidingearth.com/?site=18459;0
23362;Bénouville - Valleuse du curé;49.7228;0.25253;72;W,NW;1;0;0;1;0;0;0;;;;;http://www.paraglidingearth.com/?site=23362;0
2768;Cabanac et villagrains;44.615;-0.57556;62;NE,E,SE,SW,W,NW;1;1;0;0;1;0;1;;;;;http://www.paraglidingearth.com/?site=2768;0
2913;Cabidos - piste du moulin (Pau);43.5497;-0.53306;85;E,W;1;0;0;0;1;0;0;;;;;http://www.paraglidingearth.com/?site=2913;0
2550;Cagnorina - Tende- Tenda;44.0989;7.6;1078;SE,S,SW;1;0;1;1;0;1;0;;;;;http://www.paraglidingearth.com/?site=2550;0
2665;Calacuccia;42.3122;9.04111;1501;NW;1;0;0;0;0;0;0;;;;;http://www.paraglidingearth.com/?site=2665;0
23958;Cambre d'Aze Eyne;42.4529;2.12281;2656;;1;;;;;;;;;;;http://www.paraglidingearth.com/?site=23958;0
2972;Camp de cesar sud;47.6225;6.0894;375;SW;1;0;0;0;0;0;0;;47.62;6.08833;291;http://www.paraglidingearth.com/?site=2972;0
10701;Cap Blanc-Nez;50.9412;1.7379;12;NW;1;0;0;1;0;0;0;;;;;http://www.paraglidingearth.com/?site=10701;0
19014;Cap Blanc-Nez;50.9204;1.70073;17;;1;0;0;0;0;0;0;;;;;http://www.paraglidingearth.com/?site=19014;0
2592;Cap Leucate;42.9167;3.05;45;E;1;0;0;0;0;0;0;;;;;http://www.paraglidingearth.com/?site=2592;0
19163;Capu d'Ortu;42.2377;8.69893;1116;;1;0;0;0;0;0;0;;;;;http://www.paraglidingearth.com/?site=19163;0
2851;Carolles;48.7545;-1.5728;57;W,NW;1;0;0;1;0;0;0;;48.7567;-1.574;4;http://www.paraglidingearth.com/?site=2851;0
14233;Caron Nord;45.2635;6.5631;3069;N,NE,E,SE,SW,W,NW;1;0;0;1;0;0;0;;45.296;6.5651;2096;http://www.paraglidingearth.com/?site=14233;0
14235;Caron Ouest;45.2656;6.5585;3110;SW,W,NW;1;0;0;1;0;0;0;;45.2953;6.5655;2108;http://www.paraglidingearth.com/?site=14235;0
14234;Caron Sud;45.2645;6.558;3140;S,SW,W;1;0;0;1;0;0;0;;45.2958;6.5651;2096;http://www.paraglidingearth.com/?site=14234;0
21822;Caroux;43.5902;2.98004;1007;;1;0;1;1;0;1;0;;;;;http://www.paraglidingearth.com/?site=21822;0
11497;Carteret deco NO;49.3742;-1.808;34;NW;1;0;0;1;0;0;0;;;;;http://www.paraglidingearth.com/?site=11497;0
2855;Carteret deco Sud;49.373;-1.8057;57;S;1;0;0;1;0;0;0;;;;;http://www.paraglidingearth.com/?site=2855;0
2506;Cascade de glandieu;45.6717;5.61528;475;SW;1;0;0;0;0;0;0;;45.6716;5.606;206;http://www.paraglidingearth.com/?site=2506;0
22638;Cassaniouze;44.648;2.35901;536;E,SE,S;1;0;1;0;0;0;1;;44.6431;2.36773;201;http://www.paraglidingearth.com/?site=22638;0
15861;Castelfranc;44.5025;1.2109;230;SE,S,SW;1;0;1;1;1;0;0;;44.4981;1.2124;94;http://www.paraglidingearth.com/?site=15861;0
10975;Catray;46.1107;5.7569;1068;NE,E,SE;1;1;1;0;0;0;0;;46.092;5.7786;574;http://www.paraglidingearth.com/?site=10975;0
16728;Cavillore;43.7291;6.97528;1010;SE,S,SW;1;0;0;0;0;0;0;;43.7272;6.96924;857;http://www.paraglidingearth.com/?site=16728;0
3063;Cazals;44.1165;1.73133;307;NW;1;1;1;1;0;0;1;;44.1175;1.72495;140;http://www.paraglidingearth.com/?site=3063;0
2581;Cazavet;42.9843;1.0356;904;NE;1;0;0;0;0;0;0;;;;;http://www.paraglidingearth.com/?site=2581;0
7260;Ceillac;44.6672;6.78472;1830;SW,W;1;0;1;1;0;0;0;;44.6647;6.77861;1636;http://www.paraglidingearth.com/?site=7260;0
2933;Ceret;42.4587;2.76744;836;N,NE,E,NW;1;0;0;0;0;0;0;ceret;42.4811;2.77611;184;http://www.paraglidingearth.com/?site=2933;0
2667;Cervione;42.3267;9.47694;746;E,SE,S;1;0;0;0;0;0;0;;;;;http://www.paraglidingearth.com/?site=2667;0
21821;Cessenon sur Orb;43.4592;3.05866;115;;1;0;0;0;0;0;0;;;;;http://www.paraglidingearth.com/?site=21821;0
2773;Cezas;43.9667;3.7844;674;SE,S,SW;1;0;1;1;0;1;1;;;;;http://www.paraglidingearth.com/?site=2773;0
2564;Chabanet;44.7121;4.6022;501;N;1;0;1;1;0;0;0;;44.7148;4.6058;364;http://www.paraglidingearth.com/?site=2564;0
2638;Chabraire;45.1528;2.73278;1552;N,W,NW;1;0;0;0;0;0;0;;45.1399;2.69613;1049;http://www.paraglidingearth.com/?site=2638;0
2782;Chalais;45.2924;5.6617;1003;SE,S;1;0;1;1;0;0;0;;45.2734;5.64052;192;http://www.paraglidingearth.com/?site=2782;0
21825;Chalet de l'Aulp;45.8316;6.26931;1575;;1;0;0;0;0;0;0;;;;;http://www.paraglidingearth.com/?site=21825;0
21826;Chalet de la Froulaz;45.8413;6.26287;1497;;1;0;0;0;0;0;0;;;;;http://www.paraglidingearth.com/?site=21826;0
10890;Chambrecy;49.1836;3.8424;193;NE;1;0;0;1;0;0;0;;49.1857;3.8445;158;http://www.paraglidingearth.com/?site=10890;0
11089;Chamery;49.1649;3.9533;256;N,NE;1;0;1;1;0;0;0;;49.1667;3.954;191;http://www.paraglidingearth.com/?site=11089;0
3004;Chamoux;45.5295;6.2528;1250;SW,W;1;1;1;0;0;1;0;;45.5405;6.2144;293;http://www.paraglidingearth.com/?site=3004;0
2852;Champeaux;48.706;-1.4994;32;S,SW;1;0;0;0;0;0;0;;48.725;-1.525;11;http://www.paraglidingearth.com/?site=2852;0
2502;Champfromier;46.2147;5.81444;1199;SE;1;0;0;0;0;0;0;;;;;http://www.paraglidingearth.com/?site=2502;0
3095;Champis;48.0356;6.94861;1197;E;1;0;0;0;0;0;0;;;;;http://www.paraglidingearth.com/?site=3095;0
22024;Champvent;46.3126;4.62438;596;;1;0;0;0;0;0;0;;;;;http://www.paraglidingearth.com/?site=22024;0
2791;Chamrousse - l'Aiguille / la Croix;45.1301;5.88341;1813;N,S,SW,W,NW;1;0;1;0;0;1;0;;45.1487;5.83266;533;http://www.paraglidingearth.com/?site=2791;0
20100;Chapel's combe;46.2107;6.4707;1445;;1;0;0;0;0;0;0;;;;;http://www.paraglidingearth.com/?site=20100;0
22237;Chapelle du Banquet;47.2001;3.88928;544;N,NW;1;0;0;0;0;0;0;;47.2053;3.88285;360;http://www.paraglidingearth.com/?site=22237;0
6927;Charande-la moliere;45.1867;5.59258;1696;E,SE;1;0;0;0;0;1;0;;;;;http://www.paraglidingearth.com/?site=6927;0
22643;Charmant Som;45.3251;5.7651;1840;E,SE,S;1;0;0;0;0;0;0;;45.325;5.80523;881;http://www.paraglidingearth.com/?site=22643;0
2866;Charmoilles;47.9556;5.36;363;N,NE;1;0;0;0;0;0;0;;;;;http://www.paraglidingearth.com/?site=2866;0
22000;Charézier;46.62;5.73354;569;S,SW;1;0;1;1;0;0;0;;;;;http://www.paraglidingearth.com/?site=22000;0
2820;Chaspinhac;45.1044;3.93139;855;NE,E;1;0;0;0;0;0;0;;45.1091;3.9384;642;http://www.paraglidingearth.com/?site=2820;0
19395;Chassenoud;45.4896;4.7057;732;N,NE,NW;1;0;1;1;0;0;0;;45.4974;4.7009;521;http://www.paraglidingearth.com/?site=19395;0
2593;Chateau de Peyrepertuse;42.8711;2.56583;577;SE,S;1;0;1;1;0;1;0;;;;;http://www.paraglidingearth.com/?site=2593;0
14589;Chateau de Queribus;42.8468;2.62273;537;;1;0;0;0;0;0;0;;;;;http://www.paraglidingearth.com/?site=14589;0
3034;Chatel Morclan (summit);46.2764;6.8577;1963;SE,W;1;0;1;0;0;1;0;;46.2713;6.8379;1133;http://www.paraglidingearth.com/?site=3034;0
6870;Chatel Morclan (under the top);46.2722;6.86056;1867;SE,W;1;0;1;0;0;1;0;;46.2683;6.84028;1170;http://www.paraglidingearth.com/?site=6870;0
6920;chatel-mens;44.8138;5.81125;1914;N,S,SW,W,NW;1;0;1;0;0;0;0;;;;;http://www.paraglidingearth.com/?site=6920;0
10893;Chatillon sur Marne;49.105;3.7458;187;S,SW;1;0;1;1;0;0;1;;49.0998;3.7427;74;http://www.paraglidingearth.com/?site=10893;0
2822;Chaudeyrolles;44.9359;4.19156;1380;N,NE;1;0;0;0;0;0;0;;44.9408;4.19279;1241;http://www.paraglidingearth.com/?site=2822;0
3055;Chaussee de brunehaut;50.0211;2.13889;62;;1;0;0;0;1;0;0;;;;;http://www.paraglidingearth.com/?site=3055;0
22111;Chavignol;47.3417;2.79159;318;SE;1;0;0;0;0;0;0;;;;;http://www.paraglidingearth.com/?site=22111;0
2848;Chemellier;47.35;-0.345;60;NE;1;0;1;0;1;0;1;;;;;http://www.paraglidingearth.com/?site=2848;0
3051;Chenay;46.3486;-0.01278;126;;1;0;0;0;0;0;0;;;;;http://www.paraglidingearth.com/?site=3051;0
16244;Chenevrier;46.424;5.87188;834;;1;0;0;0;0;0;0;;;;;http://www.paraglidingearth.com/?site=16244;0
2817;Cherier;45.9849;3.92358;838;N,NE,E,SE,S;1;0;0;0;0;0;0;;45.9809;3.92538;768;http://www.paraglidingearth.com/?site=2817;0
3092;Chevre roche;48.0386;6.7082;807;SE,S,SW;1;0;1;1;0;0;0;null;48.0226;6.70643;398;http://www.paraglidingearth.com/?site=3092;0
2565;Cheynet;44.6826;4.61453;642;E;1;0;0;0;0;0;0;;;;;http://www.paraglidingearth.com/?site=2565;0
12574;Chochongés;44.4868;5.68348;1168;;1;0;0;0;0;0;0;;;;;http://www.paraglidingearth.com/?site=12574;0
21452;Cirque du bout du monde;43.7882;3.37373;672;SE,S;1;1;1;1;0;1;0;;43.7798;3.37986;283;http://www.paraglidingearth.com/?site=21452;0
22061;Cizancourt;49.8374;2.91914;82;E,W;1;0;1;1;0;0;1;;49.8384;2.91767;72;http://www.paraglidingearth.com/?site=22061;0
2715;Clamontard - Luc-en-Diois;44.6031;5.44111;1055;N;1;1;1;1;0;1;0;;44.6139;5.43625;560;http://www.paraglidingearth.com/?site=2715;0
2772;Claret SUD;43.8757;3.8867;359;SE,S,SW;1;0;1;1;0;0;0;;43.871;3.8879;207;http://www.paraglidingearth.com/?site=2772;0
2615;Clecy-st omer;48.9294;-0.47;177;S,SW,W;1;1;1;1;0;0;1;;48.9259;-0.4737;41;http://www.paraglidingearth.com/?site=2615;0
22959;Cleebourg;49.0084;7.86729;511;E,SE;1;0;1;1;0;0;0;;;;;http://www.paraglidingearth.com/?site=22959;0
2696;Clerval;47.3908;6.51333;512;W;1;0;0;0;0;0;0;;;;;http://www.paraglidingearth.com/?site=2696;0
2713;Col d'Ey;44.311;5.2818;770;N,NW;1;0;1;1;0;1;0;;44.3228;5.283;473;http://www.paraglidingearth.com/?site=2713;0
23667;Col d'Izoard;44.8188;6.72819;2443;N,S;1;0;0;0;0;1;0;;;;;http://www.paraglidingearth.com/?site=23667;0
2631;Col d\'aulac;45.1936;2.59694;1253;SW;1;0;0;0;0;0;0;;;;;http://www.paraglidingearth.com/?site=2631;0
18485;Col de Baure;45.2839;5.8397;1193;;1;0;1;0;0;1;0;;45.2657;5.8416;458;http://www.paraglidingearth.com/?site=18485;0
14853;Col de Freydane;45.1704;5.9782;2643;N,NE,W,NW;1;0;0;0;0;0;0;;45.2118;5.9369;788;http://www.paraglidingearth.com/?site=14853;0
14569;col de la Bataille;44.898;5.22951;1311;SE,S;1;0;0;0;0;1;0;;;;;http://www.paraglidingearth.com/?site=14569;0
22602;Col de la Colombiere;45.9828;6.48442;1906;SE,S,SW;1;0;0;1;0;0;0;;;;;http://www.paraglidingearth.com/?site=22602;0
2582;Col de la core;42.8623;1.10795;0;NW;1;0;0;0;0;0;0;;;;;http://www.paraglidingearth.com/?site=2582;0
14759;Col de la Courade - Niclade (Campan);42.998;0.1682;1289;N,NE,E,W,NW;1;1;1;0;0;1;0;;43.021;0.1724;648;http://www.paraglidingearth.com/?site=14759;0
10679;Col de la Madeleine;45.4441;6.3599;2500;NE,E,SE,S;1;0;0;0;0;1;0;;45.4163;6.364;1650;http://www.paraglidingearth.com/?site=10679;0
2587;Col de pailheres;42.735;2.01222;1885;SE;1;0;0;0;0;0;0;;;;;http://www.paraglidingearth.com/?site=2587;0
22469;Col de Rousset;44.8321;5.41284;1507;;1;0;0;0;0;0;0;;;;;http://www.paraglidingearth.com/?site=22469;0
22107;Col de Salvi;42.5524;8.86306;499;W,NW;1;0;0;0;0;0;0;;;;;http://www.paraglidingearth.com/?site=22107;0
15536;Col de San Bastiano;42.0247;8.7313;438;SW,W;1;0;0;1;0;0;0;;42.0472;8.7475;20;http://www.paraglidingearth.com/?site=15536;0
2632;Col de serre;45.1331;2.78806;1436;NW;1;0;0;0;0;0;0;;;;;http://www.paraglidingearth.com/?site=2632;0
2714;Col de Soubeyrand;44.375;5.33333;1196;S,SW;1;0;1;1;0;1;0;;;;;http://www.paraglidingearth.com/?site=2714;0
16722;Col des Frêtes;45.8564;6.24672;1640;SW;1;1;0;0;0;0;0;;;;;http://www.paraglidingearth.com/?site=16722;0
2927;Col du Couraduque;42.9903;-0.19639;1384;E,SE;1;1;0;0;0;0;0;;42.9714;-0.18472;844;http://www.paraglidingearth.com/?site=2927;0
6187;Col du Glandon;45.2397;6.17222;1918;N,S;1;0;1;1;0;0;0;;;;;http://www.paraglidingearth.com/?site=6187;0
12418;Col du Granon;44.9599;6.592;2097;SE;1;0;0;0;0;0;0;;;;;http://www.paraglidingearth.com/?site=12418;0
7283;col du noyer;44.6903;5.98455;1692;E,SE,S;1;1;1;0;0;1;0;;;;;http://www.paraglidingearth.com/?site=7283;0
22652;Col du Palastre;44.6954;6.20829;2176;S,SW;1;0;0;1;0;1;0;;;;;http://www.paraglidingearth.com/?site=22652;0
18316;Col du Sapenay 'Le Belvedere';45.8109;5.86426;897;SW,W,NW;1;1;1;1;0;0;0;;45.8283;5.82917;230;http://www.paraglidingearth.com/?site=18316;0
8272;col du vallon;44.9541;6.0809;2524;E;1;0;0;0;0;0;0;;44.9874;6.1178;957;http://www.paraglidingearth.com/?site=8272;0
21835;Col du Varo;45.8307;6.28078;-1;;1;0;0;0;0;0;0;;;;;http://www.paraglidingearth.com/?site=21835;0
18811;Collet de Tat - Superdevoluy;44.6891;5.9158;1705;W,NW;1;0;1;1;0;0;0;;44.6934;5.9089;1471;http://www.paraglidingearth.com/?site=18811;0
2498;Colombier;45.9058;5.76139;1509;W;1;0;0;0;0;0;0;;;;;http://www.paraglidingearth.com/?site=2498;0
2784;Colombiers d'Entraigues;44.8722;5.92944;1577;W,NW;1;0;1;0;0;1;0;;44.9033;5.94583;804;http://www.paraglidingearth.com/?site=2784;0
13448;Colombis;44.4927;6.21625;1667;;1;0;0;0;0;0;0;;;;;http://www.paraglidingearth.com/?site=13448;0
22019;Combe naguin;46.4061;4.66374;334;;1;0;0;0;0;0;0;;;;;http://www.paraglidingearth.com/?site=22019;0
2613;Commes;49.3461;-0.72556;60;N,NE;1;0;0;0;0;0;0;;49.3461;-0.72556;60;http://www.paraglidingearth.com/?site=2613;0
2601;Compolibat;44.3642;2.20639;587;W,NW;1;0;0;0;0;0;0;;;;;http://www.paraglidingearth.com/?site=2601;0
23541;Conil;44.9652;3.70468;1090;;1;;;;;;;;;;;http://www.paraglidingearth.com/?site=23541;0
2780;Connex;44.9953;5.72556;1610;SE,S;1;0;1;1;0;0;0;;44.9872;5.74389;1036;http://www.paraglidingearth.com/?site=2780;0
2538;Contras;44.1189;5.725;1620;W;1;0;0;0;0;0;0;;;;;http://www.paraglidingearth.com/?site=2538;0
2661;Corbara;42.6165;8.90353;285;NW;1;0;0;0;0;0;0;;42.6271;8.90452;8;http://www.paraglidingearth.com/?site=2661;0
3056;Cordes st marcel campes;44.0643;1.97562;294;N;1;0;0;0;0;0;0;;44.0659;1.97199;195;http://www.paraglidingearth.com/?site=3056;0
22601;Cordon - Plateau des Benets;45.918;6.57193;1734;;1;0;1;0;0;1;0;;;;;http://www.paraglidingearth.com/?site=22601;0
22390;Cordon - Tête du Planet;45.913;6.57076;1806;NE,E,SE,S;1;0;1;0;0;1;0;;;;;http://www.paraglidingearth.com/?site=22390;0
2990;Cormet de roselend;45.6881;6.69472;2041;N,W,NW;1;0;1;1;0;0;0;;;;;http://www.paraglidingearth.com/?site=2990;0
18897;Corsen;48.4135;-4.7926;12;S,SW;1;0;0;1;0;0;0;;48.4131;-4.792;4;http://www.paraglidingearth.com/?site=18897;0
10523;Cote de Jord;45.017;1.07101;216;SE,S;1;1;1;1;1;0;0;;45.0127;1.07625;70;http://www.paraglidingearth.com/?site=10523;0
14957;Couffé la Guillardière (Couffé 3);47.3956;-1.24648;30;;1;0;0;0;0;0;0;;;;;http://www.paraglidingearth.com/?site=14957;0
2998;Courchevel (Bouc Blanc);45.411;6.6149;2187;NW;1;1;1;1;0;1;0;;45.4424;6.6546;848;http://www.paraglidingearth.com/?site=2998;0
13559;Courchon;43.8416;6.22855;794;SW,W;1;0;0;0;0;0;0;;;;;http://www.paraglidingearth.com/?site=13559;0
15104;Coursegoules;43.8005;7.04013;1259;;1;0;0;0;0;0;0;;;;;http://www.paraglidingearth.com/?site=15104;0
2788;Courtet;44.77;5.79806;1371;N,W,NW;1;1;1;0;0;1;0;;44.7742;5.78028;901;http://www.paraglidingearth.com/?site=2788;0
2846;Coutures;47.37;-0.3555;40;E,W;1;0;1;0;1;0;1;;;;;http://www.paraglidingearth.com/?site=2846;0
18736;Cran Aux Oeufs;50.8474;1.58408;29;;1;0;0;0;0;0;0;;;;;http://www.paraglidingearth.com/?site=18736;0
14225;Craonelle;49.4302;3.7592;165;SW;1;0;1;1;0;0;1;;49.4294;3.7581;135;http://www.paraglidingearth.com/?site=14225;0
2831;Crayssac;44.5029;1.32129;238;SE,S,SW;1;0;1;1;0;0;1;;;;;http://www.paraglidingearth.com/?site=2831;0
21391;Criel - Les mouettes;50.0285;1.30051;88;NW;1;1;1;1;0;0;0;;50.032;1.30989;5;http://www.paraglidingearth.com/?site=21391;0
15067;Crocy;48.8546;-0.05182;98;;1;0;0;0;0;0;1;;;;;http://www.paraglidingearth.com/?site=15067;0
22288;Croix d'Allant;45.6579;6.20358;1567;;1;0;0;0;0;0;0;;;;;http://www.paraglidingearth.com/?site=22288;0
22689;Croix de Chamrousse;45.1272;5.90217;2219;N,W,NW;1;0;0;0;0;0;0;;;;;http://www.paraglidingearth.com/?site=22689;0
16719;Croix de saburin;46.1042;4.62351;530;E,SE;1;0;1;0;0;0;0;;46.1077;4.62515;450;http://www.paraglidingearth.com/?site=16719;0
2893;Croix de st sandoux;45.6319;3.11556;786;N,NE;1;0;1;1;0;0;1;;45.633;3.1289;522;http://www.paraglidingearth.com/?site=2893;0
11117;Croix Rampau - Poleymieux;45.8676;4.80144;454;N,NE,NW;1;0;0;1;0;0;0;;45.8697;4.79938;376;http://www.paraglidingearth.com/?site=11117;0
2515;Crozet (Les Deux Potes);46.2986;5.98333;1512;NE,E,SE,S;1;0;1;0;0;1;0;Crozet;46.278;6.01659;527;http://www.paraglidingearth.com/?site=2515;0
15584;Cry sur Armançon;47.7167;4.2364;251;SE,S,SW;1;0;1;1;0;0;0;;47.7145;4.236;186;http://www.paraglidingearth.com/?site=15584;0
18793;Cuges Est;43.2778;5.66611;465;E;1;1;1;0;0;0;0;CUGES SOUTH LANDING;43.2671;5.68395;163;http://www.paraglidingearth.com/?site=18793;0
18795;Cuges South West;43.2822;5.69455;399;SW,W;1;1;1;0;0;0;0;Landing WEST SOUTH;43.2729;5.69072;166;http://www.paraglidingearth.com/?site=18795;0
21557;Cuges-les-Pins LANDING SO;43.2731;5.6907;166;;1;0;0;0;0;0;0;;;;;http://www.paraglidingearth.com/?site=21557;0
2860;Cul-au-jean;48.7619;3.79;213;;1;0;0;0;0;0;0;;;;;http://www.paraglidingearth.com/?site=2860;0
22048;Céret sud;42.4502;2.76449;1024;SE,S,SW;1;1;1;0;0;0;0;ceret;42.481;2.77645;185;http://www.paraglidingearth.com/?site=22048;0
2879;Dannes;50.5875;1.63667;147;W;1;0;1;1;0;0;1;;;;;http://www.paraglidingearth.com/?site=2879;0
22550;Daours;49.9116;2.45079;45;SE,S;1;0;1;1;0;0;1;;49.9127;2.45544;28;http://www.paraglidingearth.com/?site=22550;0
2748;Daubeuf la campagne;49.1903;1.03606;153;;1;0;0;0;0;0;0;;;;;http://www.paraglidingearth.com/?site=2748;0
2764;Dausse;43.0479;0.7917;554;NE,NW;1;0;0;0;0;0;0;;43.0503;0.7865;422;http://www.paraglidingearth.com/?site=2764;0
17856;Deco Est 1;18.1124;-63.0213;69;E,SE;1;0;0;1;0;0;0;;18.1171;-63.0216;20;http://www.paraglidingearth.com/?site=17856;0
17857;Deco Est3;18.1123;-63.022;150;E;1;0;0;1;0;0;0;;18.1171;-63.0216;20;http://www.paraglidingearth.com/?site=17857;0
17860;deco sud 1;18.1111;-63.0233;71;S;1;0;0;1;0;0;0;;18.1095;-63.0238;17;http://www.paraglidingearth.com/?site=17860;0
23129;decollage Balsac;44.4136;2.43627;573;;1;;;;;;;;;;;http://www.paraglidingearth.com/?site=23129;0
18803;Dezize;46.9129;4.66393;401;SE,S,SW;1;0;1;1;1;0;0;;46.9109;4.6628;346;http://www.paraglidingearth.com/?site=18803;0
2718;Die;44.7422;5.35083;954;W;1;0;1;0;0;0;0;;;;;http://www.paraglidingearth.com/?site=2718;0
2850;Dielette Le plate;49.5577;-1.8503;46;NW;1;0;0;1;0;0;0;;;;;http://www.paraglidingearth.com/?site=2850;0
2633;Dienne - pierre de labro;45.1694;2.795;1301;SE,S;1;0;0;0;0;0;0;;;;;http://www.paraglidingearth.com/?site=2633;0
2634;Dienne - rocher de laqueuille;45.1494;2.79472;1204;N,S;1;0;0;0;0;0;0;;;;;http://www.paraglidingearth.com/?site=2634;0
2527;Digne les Bains - l'Andran;44.1156;6.21361;1202;N,NE,W,NW;1;0;0;0;0;0;0;;44.1025;6.2286;602;http://www.paraglidingearth.com/?site=2527;0
2670;Domaine de la cras;47.326;4.9862;339;N,NE;1;0;1;1;0;0;0;;47.3286;4.9871;244;http://www.paraglidingearth.com/?site=2670;0
11153;Domes de Miages;45.8138;6.7938;3563;N,NE,E,SE,S,SW,W,NW;1;0;0;1;0;0;0;;45.9153;6.7056;578;http://www.paraglidingearth.com/?site=11153;0
2872;Donon;48.5316;7.16892;832;S,SW,W;1;0;1;0;0;0;0;;48.5308;7.15139;572;http://www.paraglidingearth.com/?site=2872;0
18735;Donville;48.8454;-1.59032;25;N,NW;1;0;0;0;0;0;0;;;;;http://www.paraglidingearth.com/?site=18735;0
2830;Douelle;44.4636;1.3722;300;N,NE,NW;1;0;1;1;0;0;1;;44.4682;1.3702;111;http://www.paraglidingearth.com/?site=2830;0
3058;Dourgne - La Capelette;43.4795;2.164;556;N,NE,NW;1;0;1;1;0;0;0;;;;;http://www.paraglidingearth.com/?site=3058;0
23600;Dourgne Saint-Stapin;43.4758;2.14309;472;N,NW;1;0;1;1;0;0;0;La Montagnarié;43.4762;2.13251;271;http://www.paraglidingearth.com/?site=23600;0
2832;Dreuilh;44.4807;1.7952;304;SE;1;0;0;0;0;0;0;;44.4772;1.7962;141;http://www.paraglidingearth.com/?site=2832;0
17511;Drocourt;50.4059;2.93386;98;SE,S,SW;1;0;1;1;0;0;1;;50.403;2.93478;36;http://www.paraglidingearth.com/?site=17511;0
7217;Dune de Pilat;44.5789;-1.2206;50;W,NW;1;1;1;1;0;0;0;;;;;http://www.paraglidingearth.com/?site=7217;0
22885;Dunes de Biville;49.6091;-1.84262;7;SW,W;1;;;;;;;;;;;http://www.paraglidingearth.com/?site=22885;0
2556;Déco Baisse de Raymond (Veillos);44.0961;7.19083;2037;SW;1;0;1;1;0;1;0;;44.0697;7.20889;1312;http://www.paraglidingearth.com/?site=2556;0
21975;Déco Balme (Baus de la Fréma);44.0868;7.219;2204;;1;0;0;0;0;0;0;;;;;http://www.paraglidingearth.com/?site=21975;0
21976;Déco Caire Gros;44.0449;7.20763;2069;;1;0;0;0;0;0;0;;;;;http://www.paraglidingearth.com/?site=21976;0
21977;Déco de Nico;44.0745;7.22248;1616;;1;0;0;0;0;0;0;;;;;http://www.paraglidingearth.com/?site=21977;0
21974;Déco Veillos;44.0998;7.18317;2161;;1;0;0;0;0;0;0;;;;;http://www.paraglidingearth.com/?site=21974;0
23131;Décollage de Cassagne;44.4339;2.40067;560;;1;;;;;;;;;;;http://www.paraglidingearth.com/?site=23131;0
23136;Décollage de Lavernhe;44.3257;3.00448;781;;1;;;;;;;;;;;http://www.paraglidingearth.com/?site=23136;0
23133;Décollage de Recoules;44.3433;2.99447;779;;1;;;;;;;;;;;http://www.paraglidingearth.com/?site=23133;0
11496;Ecalgrain;49.6944;-1.9333;99;W;1;0;0;1;0;0;0;;;;;http://www.paraglidingearth.com/?site=11496;0
2965;Echenoz la meline;47.602;6.12997;301;E;1;0;0;0;0;0;0;;;;;http://www.paraglidingearth.com/?site=2965;0
2690;Echevannes;47.0669;6.23444;689;W;1;0;0;0;0;0;0;;;;;http://www.paraglidingearth.com/?site=2690;0
21678;Elbeuf en Bray;49.4811;1.63006;206;N,NE;1;0;1;1;0;0;1;;49.4834;1.62826;162;http://www.paraglidingearth.com/?site=21678;0
22027;En cours d'ouverture;46.2982;4.62825;609;;1;0;0;0;0;0;0;;;;;http://www.paraglidingearth.com/?site=22027;0
22028;En cours d'ouverture;46.2982;4.62825;609;;1;0;0;0;0;0;0;;;;;http://www.paraglidingearth.com/?site=22028;0
10757;Ens;42.807;0.33659;1290;N,NE,NW;1;0;0;1;0;0;0;;42.8225;0.31793;811;http://www.paraglidingearth.com/?site=10757;0
2888;Equihen;50.6796;1.5674;32;SW,W;1;0;0;1;0;0;0;;;;;http://www.paraglidingearth.com/?site=2888;0
21234;Escalette;43.5361;5.56947;587;S,SW,W;1;0;0;1;0;0;0;;43.5262;5.56342;343;http://www.paraglidingearth.com/?site=21234;0
17707;Escondray;43.3145;-1.43218;483;NW;1;0;1;1;0;0;0;;;;;http://www.paraglidingearth.com/?site=17707;0
2657;Espace vent;45.4181;1.84861;588;;1;0;0;0;0;0;0;;;;;http://www.paraglidingearth.com/?site=2657;0
2510;Evosges;45.9514;5.48639;776;SW;1;0;0;0;0;0;0;;;;;http://www.paraglidingearth.com/?site=2510;0
2648;Expiremont;45.3406;-0.37583;57;;1;0;0;0;0;0;0;;;;;http://www.paraglidingearth.com/?site=2648;0
2991;Fenetre 7;45.65;6.46778;1419;W,NW;1;0;1;0;0;1;0;;;;;http://www.paraglidingearth.com/?site=2991;0
16718;ferme st marie;46.0846;4.6086;590;E,SE,S;1;1;1;1;0;0;0;;46.0783;4.6138;402;http://www.paraglidingearth.com/?site=16718;0
23614;Finestret;42.6868;2.48591;859;;1;;;;;;;;;;;http://www.paraglidingearth.com/?site=23614;0
10943;Fismes;49.2922;3.6656;138;E;1;0;1;1;0;0;0;;49.2918;3.6677;97;http://www.paraglidingearth.com/?site=10943;0
11294;Flegere;45.9685;6.8765;2345;E,SE,S,SW;1;0;1;0;0;1;0;null;45.9319;6.88139;1054;http://www.paraglidingearth.com/?site=11294;0
3081;Fleure;46.4897;0.51028;125;SE,NW;1;0;0;0;0;0;0;;;;;http://www.paraglidingearth.com/?site=3081;0
2735;Fontaine sous jouy;49.0668;1.28431;89;NE,E;1;0;0;0;0;0;1;;;;;http://www.paraglidingearth.com/?site=2735;0
22023;Fontaine Verdine;46.3479;4.59687;570;;1;0;0;0;0;0;0;;;;;http://www.paraglidingearth.com/?site=22023;0
2937;Forca real;42.7267;2.7014;0;SE;1;0;0;0;0;0;0;;;;;http://www.paraglidingearth.com/?site=2937;0
3010;Fort du truc;45.6376;6.7437;1974;E,SE;1;0;1;0;0;1;0;;45.5915;6.7513;754;http://www.paraglidingearth.com/?site=3010;0
2882;Frencq;50.5593;1.6688;121;NE;1;0;1;1;0;0;1;;50.5603;1.671;91;http://www.paraglidingearth.com/?site=2882;0
10731;Friolais;47.2497;6.7434;744;N,NE;1;0;0;0;0;0;0;;47.2557;6.7439;504;http://www.paraglidingearth.com/?site=10731;0
22527;Frioland;45.9499;6.70187;1746;SE,S,SW;1;0;1;0;0;1;0;Chedde;45.9281;6.72503;604;http://www.paraglidingearth.com/?site=22527;0
2568;Fumay-haybes Les AURAINS;49.9873;4.7209;362;W,NW;1;0;0;0;0;0;0;;49.9875;4.7138;119;http://www.paraglidingearth.com/?site=2568;0
23217;Fécamp Val St Nicolas;49.7711;0.38822;109;NW;1;;;;;;;;;;;http://www.paraglidingearth.com/?site=23217;0
2529;Gache;44.2246;5.9791;0;NW;1;0;0;0;0;0;0;;;;;http://www.paraglidingearth.com/?site=2529;0
2537;Gamby;44.0514;5.68361;897;;1;0;0;0;0;0;0;;;;;http://www.paraglidingearth.com/?site=2537;0
23363;Ganzeville - Pente-ecole;49.7271;0.40541;97;NE,SE,NW;1;;;;;;;;;;;http://www.paraglidingearth.com/?site=23363;0
2707;Garde Grosse;44.3367;5.15583;915;S,W,NW;1;0;0;0;0;0;0;;;;;http://www.paraglidingearth.com/?site=2707;0
17227;Garlaban;43.3308;5.55472;576;E,SE,S;1;0;1;1;0;0;0;Landing;43.3249;5.56224;308;http://www.paraglidingearth.com/?site=17227;0
2765;Gensac;43.2122;1.13111;310;NW;1;0;0;0;0;0;0;;43.2133;1.12944;240;http://www.paraglidingearth.com/?site=2765;0
23540;Gerbizon NE;45.1886;4.00059;1061;;1;;;;;;;;;;;http://www.paraglidingearth.com/?site=23540;0
23539;Gerbizon NO;45.1911;3.99131;978;;1;;;;;;;;;;;http://www.paraglidingearth.com/?site=23539;0
22233;Germigny-sur-Loire;47.0598;3.04853;214;SW,W;1;0;0;0;0;0;0;;;;;http://www.paraglidingearth.com/?site=22233;0
11593;Ginoles;42.8748;2.1509;685;E,SE;1;0;1;1;0;0;0;;42.8673;2.1638;335;http://www.paraglidingearth.com/?site=11593;0
22637;Ginolhac SE;44.6631;2.56226;674;SE,S,SW;1;0;0;0;0;0;0;;44.6466;2.55664;286;http://www.paraglidingearth.com/?site=22637;0
14226;Glennes;49.3659;3.7075;114;SW;1;0;1;1;0;0;1;;49.3642;3.7042;71;http://www.paraglidingearth.com/?site=14226;0
11289;Gomont;49.5104;4.1751;98;SE;1;0;0;0;0;0;0;;49.5092;4.1765;64;http://www.paraglidingearth.com/?site=11289;0
18833;goule;47.2626;6.81882;964;NW;1;0;0;1;0;0;0;;;;;http://www.paraglidingearth.com/?site=18833;0
2549;Gourdon;43.723;6.9438;1163;E,SE,S;1;1;1;1;0;0;0;;43.7261;6.95885;829;http://www.paraglidingearth.com/?site=2549;0
10748;Gourdon-Kennedy;43.7041;6.9807;624;E,SE,S;1;1;1;0;0;1;0;;43.7003;7.0058;140;http://www.paraglidingearth.com/?site=10748;0
23761;"Grand coude ""le petit serré""";-21.3028;55.6268;1060;;1;;;;;;;;;;;http://www.paraglidingearth.com/?site=23761;0
2963;Grand cret;46.1261;4.58278;680;NE;1;0;0;0;0;0;0;;;;;http://www.paraglidingearth.com/?site=2963;0
7255;Grand Som;45.3719;5.81278;1578;N,NE,E;1;0;0;0;0;0;0;;45.3239;5.80639;881;http://www.paraglidingearth.com/?site=7255;0
11144;Grands Montets;45.9478;6.96;3234;SW,W,NW;1;0;1;1;0;1;0;;45.9309;6.8787;1051;http://www.paraglidingearth.com/?site=11144;0
2924;Grange des Cinq Monts;43.0031;-0.43222;980;NE,E;1;0;0;0;0;0;0;;43.0214;-0.41778;470;http://www.paraglidingearth.com/?site=2924;0
10756;Grascoueous;42.8398;0.31529;1470;SE;1;0;1;0;0;0;0;;42.8225;0.31793;811;http://www.paraglidingearth.com/?site=10756;0
16695;Grassendorf (pente ecole);48.8062;7.60626;263;W,NW;1;0;0;0;0;0;0;;48.8062;7.60626;263;http://www.paraglidingearth.com/?site=16695;0
2857;Grauves;48.9823;3.9636;229;SW,W;1;0;1;1;0;0;1;;48.9795;3.9552;124;http://www.paraglidingearth.com/?site=2857;0
2875;Grenois;47.325;3.53799;358;S;1;0;0;0;0;0;0;;47.3218;3.53884;268;http://www.paraglidingearth.com/?site=2875;0
2553;Greolieres;43.8022;6.96222;1102;SE,S;1;0;1;0;0;0;0;;43.796;6.9479;804;http://www.paraglidingearth.com/?site=2553;0
2523;Grou de bane;44.05;5.635;1047;SE;1;0;0;0;0;0;0;;;;;http://www.paraglidingearth.com/?site=2523;0
2810;Grusse;46.5878;5.51306;464;NW;1;0;0;0;0;0;0;;;;;http://www.paraglidingearth.com/?site=2810;0
2948;Gustiberg;47.8938;6.93443;1020;SE,S,SW;1;0;1;0;0;1;0;;47.8824;6.94405;452;http://www.paraglidingearth.com/?site=2948;0
12130;Guzet;42.7714;1.3016;1760;N,NE;1;0;0;0;0;0;0;;42.8015;1.2709;695;http://www.paraglidingearth.com/?site=12130;0
3038;Habere poche;46.2386;6.49333;1469;N,W;1;0;0;0;0;0;0;;;;;http://www.paraglidingearth.com/?site=3038;0
2871;Haselbourg-neustadtmuhle;48.65;7.2333;0;W;1;0;0;0;0;0;0;;;;;http://www.paraglidingearth.com/?site=2871;0
15412;Hattori Hansen;45.2161;-1.1726;18;SW,W,NW;1;0;0;1;0;0;0;;45.2163;-1.1733;1;http://www.paraglidingearth.com/?site=15412;0
2570;Haulmé;49.8628;4.7786;318;NE,E;1;0;1;0;0;0;0;;49.8636;4.7856;145;http://www.paraglidingearth.com/?site=2570;0
2928;Hautacam -la Bergerie;42.9822;-0.0325;1205;SW;1;1;1;0;0;0;0;;42.9894;-0.07806;431;http://www.paraglidingearth.com/?site=2928;0
17406;Hautacam Argeles-Gazost;42.9689;-0.0025;1680;N,NE,E,W,NW;1;1;0;0;0;0;0;;42.9894;-0.07806;431;http://www.paraglidingearth.com/?site=17406;0
2968;Haute planche;47.7683;6.775;1110;N;1;0;0;0;0;0;0;;;;;http://www.paraglidingearth.com/?site=2968;0
2874;Haute-kontz;49.4589;6.33889;253;SE,S;1;0;1;1;0;0;0;;;;;http://www.paraglidingearth.com/?site=2874;0
11550;Henouville;49.4798;0.9406;97;SW;1;0;1;1;0;0;0;;49.4757;0.9407;4;http://www.paraglidingearth.com/?site=11550;0
14224;Hermonville;49.3405;3.8936;196;SE;1;0;1;1;0;0;1;;49.338;3.8968;130;http://www.paraglidingearth.com/?site=14224;0
2960;Hohrodberg;48.0694;7.12944;888;S,SW,W;1;0;0;0;0;0;0;;;;;http://www.paraglidingearth.com/?site=2960;0
2873;Hommert;48.681;7.18913;419;N,NE;1;0;0;0;0;0;0;;48.6857;7.19548;240;http://www.paraglidingearth.com/?site=2873;0
21679;Hortus EST - Le Rouet;43.8121;3.84927;386;E,SE,S;1;0;0;0;0;0;0;;;;;http://www.paraglidingearth.com/?site=21679;0
17870;Houeville;48.3722;5.80391;401;NE;1;0;0;0;0;0;0;;;;;http://www.paraglidingearth.com/?site=17870;0
23447;Hounte Blanque - Campan;42.9745;0.16677;1944;;1;0;0;0;0;0;0;;;;;http://www.paraglidingearth.com/?site=23447;0
2499;Innimond;45.7849;5.5919;1017;NE,E,SE;1;0;1;0;0;0;0;;45.7728;5.6148;375;http://www.paraglidingearth.com/?site=2499;0
18589;Iparla;43.2399;-1.37223;823;;1;0;0;0;0;0;0;;;;;http://www.paraglidingearth.com/?site=18589;0
2843;Ispagnac;44.3579;3.5405;1033;NW;1;0;0;0;0;0;0;;44.3744;3.5275;507;http://www.paraglidingearth.com/?site=2843;0
12476;Issarbe;43.0229;-0.79765;1334;;1;0;0;0;0;0;0;;;;;http://www.paraglidingearth.com/?site=12476;0
21666;Issarbe;43.0193;-0.79714;1416;;1;0;0;0;0;0;0;;;;;http://www.paraglidingearth.com/?site=21666;0
15528;Ivry la Bataille;48.8898;1.4582;113;E;1;0;0;1;0;0;0;;48.8897;1.4596;65;http://www.paraglidingearth.com/?site=15528;0
2919;Jara;43.1989;-1.29;810;N,S;1;1;0;0;0;0;0;;43.1681;-1.27278;200;http://www.paraglidingearth.com/?site=2919;0
2504;Jarbonnet;46.1914;5.45972;524;S;1;0;0;0;0;0;0;;;;;http://www.paraglidingearth.com/?site=2504;0
2781;Jas d'oris;44.9269;5.88778;1696;S,SW;1;0;1;0;0;1;0;;44.9347;5.86111;996;http://www.paraglidingearth.com/?site=2781;0
3050;Jeufosse;49.0361;1.5394;132;NE;1;0;0;0;0;0;1;;;;;http://www.paraglidingearth.com/?site=3050;0
6862;job-ambert Cornillon;45.6378;3.75333;1123;N,SW,W,NW;1;0;1;0;0;0;0;;;;;http://www.paraglidingearth.com/?site=6862;0
6863;job-ambert le bien;45.6186;3.76778;1028;W;1;0;1;0;0;0;0;;;;;http://www.paraglidingearth.com/?site=6863;0
2905;Job-ambert Mont Chouve;45.6308;3.78111;1414;S,SW,W,NW;1;1;1;0;0;1;0;;;;;http://www.paraglidingearth.com/?site=2905;0
22972;Joncels;43.7455;3.17568;680;SE,S;1;;;;;;;Atterissage Joncels - Ferme de Valayrac;43.7393;3.16682;478;http://www.paraglidingearth.com/?site=22972;0
11186;Jonchery;49.3052;3.8239;163;SE,S;1;0;1;1;0;0;0;;49.3038;3.8203;147;http://www.paraglidingearth.com/?site=11186;0
2869;Jouy sous les cotes;48.7843;5.6806;352;NE;1;0;1;1;0;0;0;;48.7847;5.6828;302;http://www.paraglidingearth.com/?site=2869;0
18896;kerhornou;48.407;-4.7755;5;SW,W;1;0;0;1;0;0;0;;48.4069;-4.7762;5;http://www.paraglidingearth.com/?site=18896;0
2752;Kervigen;48.1568;-4.2779;50;S,SW;1;1;1;1;0;0;0;;48.1571;-4.2779;50;http://www.paraglidingearth.com/?site=2752;0
11410;L Ecureuil;45.5473;6.7736;1873;SW,W,NW;1;0;1;0;0;1;0;;45.5916;6.7513;754;http://www.paraglidingearth.com/?site=11410;0
2792;L'allevoux;45.1236;5.38;816;N,SW,W,NW;1;1;1;0;0;1;0;;;;;http://www.paraglidingearth.com/?site=2792;0
2984;L'ebaudiaz;45.6065;6.37972;1640;N,SW,W,NW;1;0;1;0;0;1;0;;45.6689;6.36667;339;http://www.paraglidingearth.com/?site=2984;0
3003;L'ours;45.5524;6.7722;1841;W;1;0;0;0;0;0;0;;45.5915;6.7514;754;http://www.paraglidingearth.com/?site=3003;0
3007;L'épine - lac d'aiguebelette;45.6018;5.8072;1139;N,S,SW,W,NW;1;0;1;1;0;1;0;;45.5765;5.8012;377;http://www.paraglidingearth.com/?site=3007;0
3049;La belle idee (treuil);48.9208;3.29167;193;;1;0;0;0;1;0;0;;;;;http://www.paraglidingearth.com/?site=3049;0
2967;La berbasse;47.7756;6.73889;814;S;1;0;0;0;0;0;0;;;;;http://www.paraglidingearth.com/?site=2967;0
2625;La Boissiere sur Eure;48.9401;1.3516;142;;1;0;0;0;1;0;0;;48.9328;1.3508;143;http://www.paraglidingearth.com/?site=2625;0
3084;La bouloie;47.8709;6.86579;1029;NW;1;0;0;0;0;0;0;;;;;http://www.paraglidingearth.com/?site=3084;0
7590;La Bourgeoise (Samoens);46.115;6.72;1751;E,SE,S,SW,W;1;0;1;1;0;1;0;;46.0819;6.7123;688;http://www.paraglidingearth.com/?site=7590;0
22697;La Bâtie-Neuve;44.5841;6.23554;1593;;1;0;1;0;0;0;0;;;;;http://www.paraglidingearth.com/?site=22697;0
3071;La cadiere d azur;43.1971;5.73668;210;SW,W,NW;1;0;1;1;0;0;0;;;;;http://www.paraglidingearth.com/?site=3071;0
2976;La certenue;46.8531;4.2816;587;N,NE;1;0;0;0;0;0;0;;46.8613;4.29578;289;http://www.paraglidingearth.com/?site=2976;0
17384;La Chapelle saint-Antoine;43.1889;-1.00238;637;;1;0;0;0;0;0;0;;;;;http://www.paraglidingearth.com/?site=17384;0
3026;La Clusaz;45.8905;6.4645;2029;N,W,NW;1;0;1;0;0;1;0;;45.9056;6.44056;1126;http://www.paraglidingearth.com/?site=3026;0
21837;La Clusaz - Crêt du Loup;45.8909;6.4505;1819;N,W,NW;1;0;1;0;0;1;0;CORTIBOT;45.906;6.44189;1132;http://www.paraglidingearth.com/?site=21837;0
2887;La comte;50.4167;2.5149;186;W,NW;1;0;1;1;0;0;1;;50.4178;2.5124;140;http://www.paraglidingearth.com/?site=2887;0
9334;La Cote Chateau;46.9423;5.8438;569;N,NE;1;0;1;1;0;0;0;;46.9506;5.8499;338;http://www.paraglidingearth.com/?site=9334;0
2734;La cote des deux amants;49.3191;1.246;100;N,SW,W,NW;1;1;1;1;0;0;0;;49.3162;1.2399;7;http://www.paraglidingearth.com/?site=2734;0
11434;la croix des veuves;48.8033;-3.0073;49;N,NE,NW;1;0;0;1;0;0;0;;;;;http://www.paraglidingearth.com/?site=11434;0
23255;La croix du Dan;46.8273;5.70531;353;;1;;;;;;;;;;;http://www.paraglidingearth.com/?site=23255;0
18387;La croupe de charance;44.5686;6.0198;1543;SE,S,SW;1;0;1;1;0;0;0;;44.5616;6.00285;1178;http://www.paraglidingearth.com/?site=18387;0
7257;La Dent de Crolles;45.3089;5.85639;2050;N,NE,SE,S,SW;1;0;0;0;0;0;0;;45.2657;5.84189;440;http://www.paraglidingearth.com/?site=7257;0
2680;La foret;45.1167;1.30139;228;N,NE,NW;1;0;0;0;0;0;0;;;;;http://www.paraglidingearth.com/?site=2680;0
15913;La Gardiole E-SE;43.4886;3.7566;203;E,SE;1;0;1;1;0;0;0;;43.4882;3.7563;203;http://www.paraglidingearth.com/?site=15913;0
15912;La Gardiole O-NO;43.4991;3.7523;216;W,NW;1;0;1;1;0;0;0;;43.5014;3.7498;138;http://www.paraglidingearth.com/?site=15912;0
15915;La Gardiole S;43.4694;3.7325;160;E,SE,S;1;0;1;1;0;0;0;;43.4686;3.7363;101;http://www.paraglidingearth.com/?site=15915;0
3059;La grande decouverte;44.0003;2.14056;362;;1;0;0;0;0;0;0;;;;;http://www.paraglidingearth.com/?site=3059;0
21259;La Grande Sure;45.3353;5.69649;1578;SW,W,NW;1;0;1;0;0;0;0;;45.3246;5.67044;772;http://www.paraglidingearth.com/?site=21259;0
2776;La guimorais;48.6953;-1.93417;36;N,W,NW;1;0;0;0;0;0;0;;;;;http://www.paraglidingearth.com/?site=2776;0
15600;La Heve;49.5108;0.0681;83;SW;1;1;0;1;0;0;0;;49.5109;0.0683;83;http://www.paraglidingearth.com/?site=15600;0
2813;La jasserie;45.3851;4.5679;1364;N,NE,SW,W,NW;1;0;1;0;0;1;1;;45.3932;4.5512;849;http://www.paraglidingearth.com/?site=2813;0
2779;La lia;45.1757;5.437;722;NW;1;0;0;0;0;0;0;;45.1713;5.4162;277;http://www.paraglidingearth.com/?site=2779;0
14446;La Lieude;43.6358;3.26753;324;NE,E;1;0;1;1;0;1;1;;43.6319;3.2691;212;http://www.paraglidingearth.com/?site=14446;0
22474;La Liouffe Nd;45.8392;4.50201;748;;1;0;0;0;0;0;0;;;;;http://www.paraglidingearth.com/?site=22474;0
22475;La Liouffe S.E;45.8378;4.49993;740;;1;0;0;0;0;0;0;;;;;http://www.paraglidingearth.com/?site=22475;0
9858;La Lunette;45.1425;5.4194;1230;N;1;0;0;0;0;0;0;;;;;http://www.paraglidingearth.com/?site=9858;0
2925;La Madeleine;43.148;-0.844;757;N,NE,E,SE,S,SW,W,NW;1;1;0;0;0;0;0;;;;;http://www.paraglidingearth.com/?site=2925;0
17101;La Merquiere;43.6498;3.23003;449;NE,E,SE;1;0;1;1;0;1;0;;43.6485;3.2343;330;http://www.paraglidingearth.com/?site=17101;0
2889;La montagne d\'acquin;50.7356;2.10861;108;SW;1;0;0;0;0;0;0;;;;;http://www.paraglidingearth.com/?site=2889;0
2912;La montagne de la plate;45.5333;2.8675;1517;N,NE;1;0;0;0;0;0;0;;;;;http://www.paraglidingearth.com/?site=2912;0
22634;La Mounine;44.4866;1.92128;303;N,NW;1;0;1;0;0;0;1;offiiel;44.4878;1.91784;150;http://www.paraglidingearth.com/?site=22634;0
19843;La pierre levée;46.5404;4.7831;326;W,NW;1;0;1;1;0;0;0;;46.541;4.7807;277;http://www.paraglidingearth.com/?site=19843;0
2687;La planoise SO;47.2044;5.9775;458;S,SW;1;0;0;1;0;0;0;Atterrissage;47.2004;5.98618;232;http://www.paraglidingearth.com/?site=2687;0
22915;La Pourcaresse;43.7678;3.73029;263;SE,S,SW;1;0;0;0;1;0;0;;;;;http://www.paraglidingearth.com/?site=22915;0
22109;La Poussie;47.3216;2.79495;350;S,SW;1;0;0;0;0;0;0;;;;;http://www.paraglidingearth.com/?site=22109;0
2610;La Roche a Bunel;48.9933;-0.4987;101;E,SE;1;1;1;1;0;0;0;;48.9934;-0.4947;21;http://www.paraglidingearth.com/?site=2610;0
2978;La Roche d'Aujoux;46.5819;4.81806;482;NW;1;0;1;1;0;0;0;;;;;http://www.paraglidingearth.com/?site=2978;0
15582;La Roche de Solutré;46.2994;4.7189;449;NW;1;0;1;1;0;0;0;;46.2994;4.7158;384;http://www.paraglidingearth.com/?site=15582;0
2740;La roquette;49.2427;1.3299;76;SE,S;1;0;0;0;0;0;0;;49.2426;1.32985;76;http://www.paraglidingearth.com/?site=2740;0
3001;La rosiere - la poletta;45.6386;6.85889;2163;NW;1;0;0;0;0;0;0;;;;;http://www.paraglidingearth.com/?site=3001;0
3000;La rosiere - la sevoliere;45.64;6.85194;2096;NW;1;0;0;0;0;0;0;;;;;http://www.paraglidingearth.com/?site=3000;0
2604;La sainte victoire;43.5378;5.64889;866;SE,S,SW,W;1;0;1;1;0;0;1;;43.5283;5.6416;407;http://www.paraglidingearth.com/?site=2604;0
2771;La Seranne - Déco France;43.8689;3.6406;900;SE,S,SW;1;1;1;1;0;1;1;;43.8955;3.6996;165;http://www.paraglidingearth.com/?site=2771;0
22125;La Seranne - Déco Namibie;43.8678;3.63899;887;SE,S,SW;1;1;1;1;0;1;1;Les Prats;43.852;3.65175;176;http://www.paraglidingearth.com/?site=22125;0
22126;La Seranne - Déco Roc Blanc;43.8676;3.63664;903;N,SE,S,SW,NW;1;1;1;1;0;1;1;;;;;http://www.paraglidingearth.com/?site=22126;0
10755;La Serre;42.835;0.27552;1929;SE,S;1;0;1;1;0;0;0;;42.8225;0.31793;811;http://www.paraglidingearth.com/?site=10755;0
3103;La sotiere;48.0428;6.79306;958;;1;0;1;1;0;0;0;;;;;http://www.paraglidingearth.com/?site=3103;0
15914;La Sure;43.6538;3.3421;287;N;1;0;1;1;0;0;0;;43.6525;3.3333;139;http://www.paraglidingearth.com/?site=15914;0
10493;La tannière;44.2165;5.4779;1228;NE,E,SE;1;0;1;1;0;0;0;;44.2295;5.4895;851;http://www.paraglidingearth.com/?site=10493;0
3085;La tete des revolles;47.8925;6.84667;928;E;1;0;0;1;0;0;0;;;;;http://www.paraglidingearth.com/?site=3085;0
3048;la Tete du Mottey (St.Gervais);45.8422;6.7;1883;NE,E;1;0;0;0;0;0;0;;;;;http://www.paraglidingearth.com/?site=3048;0
22639;La Tour Matagrin;45.8519;4.38083;980;NE;1;0;0;0;0;0;0;;45.8661;4.39529;532;http://www.paraglidingearth.com/?site=22639;0
2710;La trappe;44.2533;5.5044;1136;S;1;0;1;1;0;0;0;;44.2491;5.4965;950;http://www.paraglidingearth.com/?site=2710;0
2514;La Vesancière;46.3678;6.08028;1250;SE,S,SW;1;0;1;0;0;1;0;lower landing;46.3572;6.08845;788;http://www.paraglidingearth.com/?site=2514;0
19840;La vierge;46.4602;4.7172;466;W;1;0;1;1;0;0;0;;46.4606;4.7148;407;http://www.paraglidingearth.com/?site=19840;0
10932;La Viste;43.3611;5.3558;138;S,SW,W,NW;1;0;0;0;0;0;0;;43.3617;5.3541;111;http://www.paraglidingearth.com/?site=10932;0
2922;Labigouer;42.881;-0.61979;2145;E,W;1;0;0;0;0;0;0;;42.9117;-0.61667;1040;http://www.paraglidingearth.com/?site=2922;0
10040;Lac de Crop;45.2038;5.9862;2095;N,NE,E,W,NW;1;0;1;0;0;0;0;;45.2368;5.9755;925;http://www.paraglidingearth.com/?site=10040;0
3069;Lachens North;43.7456;6.65306;1665;N,NE,NW;1;0;0;0;0;0;0;;43.7622;6.63917;1019;http://www.paraglidingearth.com/?site=3069;0
3067;Lachens South;43.7447;6.65722;1625;E,SE,S,SW;1;1;1;0;0;0;0;;43.7358;6.65944;1202;http://www.paraglidingearth.com/?site=3067;0
3068;Lachens south (school slope);43.7364;6.6608;1228;SE,S,SW;1;0;0;0;0;0;0;;43.7357;6.6597;1203;http://www.paraglidingearth.com/?site=3068;0
3070;Lachens West;43.7394;6.64083;1447;SW,W;1;0;0;0;0;0;0;;43.7219;6.62667;951;http://www.paraglidingearth.com/?site=3070;0
10955;Laffrey Les Tibannes;45.0364;5.78401;992;N,NE,NW;1;0;1;0;0;0;0;null;45.0502;5.79933;320;http://www.paraglidingearth.com/?site=10955;0
2557;Lai barai;43.7558;7.41056;694;;1;0;0;0;0;0;0;;;;;http://www.paraglidingearth.com/?site=2557;0
2573;Laifour;49.9171;4.70462;348;SW;1;0;0;0;0;0;0;;49.9149;4.70111;140;http://www.paraglidingearth.com/?site=2573;0
7413;Lalandelle;49.4083;1.89111;200;N,NE,E;1;0;1;1;0;0;0;;49.4092;1.893;143;http://www.paraglidingearth.com/?site=7413;0
10650;Lalandelle;49.4052;1.8984;208;N,NE;1;0;1;1;0;0;0;;49.4074;1.8997;138;http://www.paraglidingearth.com/?site=10650;0
10735;Lanches (Col de la Loze, Courchevel);45.4079;6.6021;2300;NE,SE,SW,W;1;0;1;0;0;1;0;;45.4322;6.62056;1261;http://www.paraglidingearth.com/?site=10735;0
21827;Lancrenaz;45.845;6.25882;-1;;1;0;0;0;0;0;0;;;;;http://www.paraglidingearth.com/?site=21827;0
2854;Landemer;49.6786;-1.7745;91;N;1;0;0;1;0;0;0;;;;;http://www.paraglidingearth.com/?site=2854;0
11433;Lann Vraz;48.8175;-3.0352;48;N;1;0;0;1;0;0;0;;;;;http://www.paraglidingearth.com/?site=11433;0
2797;Lans en vercors;45.1186;5.59722;1292;W;1;0;0;0;0;0;0;;;;;http://www.paraglidingearth.com/?site=2797;0
22907;Lans-en-Vercors 100m;45.1209;5.59261;1100;N,NE,NW;1;0;0;0;0;0;0;;;;;http://www.paraglidingearth.com/?site=22907;0
22906;Lans-en-Vercors 200m;45.1205;5.59472;1170;SW,W,NW;1;;;;;;;;;;;http://www.paraglidingearth.com/?site=22906;0
2983;Lanslevillard;45.2716;6.92552;2255;;1;0;0;0;0;0;0;Lanslevillard;45.2925;6.92306;1518;http://www.paraglidingearth.com/?site=2983;0
2837;Laparade;44.3833;0.4426;170;SE;1;0;0;1;0;0;1;;44.3772;0.4429;42;http://www.paraglidingearth.com/?site=2837;0
22046;Laprugne Vol Libre;46.0049;3.79454;1101;;1;0;0;0;0;0;0;;;;;http://www.paraglidingearth.com/?site=22046;0
2546;Laragne - le Chabre;44.2978;5.7651;1304;N,NE,SE,S,SW;1;1;1;1;0;1;0;;44.2795;5.7756;735;http://www.paraglidingearth.com/?site=2546;0
10019;Lauret : Puech de Dolgue;43.8392;3.9009;268;SE,S,SW;1;0;1;1;0;0;0;;43.8349;3.9015;156;http://www.paraglidingearth.com/?site=10019;0
2819;Lavoute sur loire;45.1122;3.91806;860;N,NE,NW;1;0;0;0;0;0;0;;;;;http://www.paraglidingearth.com/?site=2819;0
21708;Le Billot;48.9654;0.07129;185;;1;0;0;0;0;0;0;;48.9628;0.06819;109;http://www.paraglidingearth.com/?site=21708;0
2520;Le Bouant;46.1608;5.83583;976;S;1;0;0;0;0;0;0;prés gelés;46.1398;5.82462;544;http://www.paraglidingearth.com/?site=2520;0
2672;Le Bressiot;47.2998;4.65;466;N;1;0;1;0;0;0;0;;47.3019;4.6488;437;http://www.paraglidingearth.com/?site=2672;0
2682;Le bugue;44.8939;0.95444;183;N;1;0;0;0;0;0;0;;;;;http://www.paraglidingearth.com/?site=2682;0
19456;le bus;48.6719;-3.57389;85;N,NW;1;1;0;1;0;0;0;;48.6722;-3.5783;10;http://www.paraglidingearth.com/?site=19456;0
21277;le Chalvet (Saint Andre les Alpes);43.9786;6.4799;1555;E,SE,S,SW,W;1;1;1;1;0;1;0;Lac / Aerogliss;43.9584;6.50876;879;http://www.paraglidingearth.com/?site=21277;0
2519;Le chanay;45.9431;5.51139;945;S;1;0;0;0;0;0;0;;;;;http://www.paraglidingearth.com/?site=2519;0
3015;Le chat;45.6628;5.82139;1494;NW;1;0;0;0;0;0;0;;;;;http://www.paraglidingearth.com/?site=3015;0
2895;Le chateau;44.4717;3.275;770;SW;1;0;0;0;0;0;0;;;;;http://www.paraglidingearth.com/?site=2895;0
22793;Le Col Vert;45.0334;5.59959;1469;;1;0;0;0;0;0;0;;;;;http://www.paraglidingearth.com/?site=22793;0
18112;Le Colombier;45.6444;6.1187;1998;S,SW,W,NW;1;0;1;0;0;1;0;;45.6497;6.0953;943;http://www.paraglidingearth.com/?site=18112;0
2528;Le cousson;44.0536;6.23972;1492;SW;1;0;0;0;0;0;0;;44.0842;6.22532;585;http://www.paraglidingearth.com/?site=2528;0
10857;Le Fort;44.236;5.4824;1005;E,SE,S;1;0;1;1;0;1;0;;44.2295;5.4933;849;http://www.paraglidingearth.com/?site=10857;0
2958;Le gaschney;48.0353;7.03556;1258;S,W;1;0;0;0;0;0;0;;;;;http://www.paraglidingearth.com/?site=2958;0
3037;le Grand Bornand;45.9587;6.4763;2017;NE,SW;1;0;1;0;0;1;0;village;45.9411;6.43123;922;http://www.paraglidingearth.com/?site=3037;0
23127;Le Grand Mas;44.5022;2.50553;589;;1;;;;;;;;;;;http://www.paraglidingearth.com/?site=23127;0
21743;Le Grand Moiré (TREUIL);46.8577;-0.18164;107;;1;0;0;0;0;0;0;;;;;http://www.paraglidingearth.com/?site=21743;0
15334;Le Grand Mont;45.6321;6.5371;2652;NE,E,SE,S;1;0;0;0;0;0;0;;45.6048;6.4718;1061;http://www.paraglidingearth.com/?site=15334;0
22645;Le grand Plaisance Ouest;43.9127;2.57301;623;W,NW;1;0;0;0;0;0;0;;43.9182;2.55581;251;http://www.paraglidingearth.com/?site=22645;0
2793;Le Grand Ratz;45.3293;5.6359;802;SW,W,NW;1;1;1;1;0;0;0;;45.3249;5.6192;192;http://www.paraglidingearth.com/?site=2793;0
7258;Le Grand Replomb;45.2008;5.98028;2467;S,SW,W;1;0;0;0;0;0;0;;45.2094;5.94056;830;http://www.paraglidingearth.com/?site=7258;0
15343;Le Grand Tony;45.2477;4.53697;1097;SE;1;0;0;0;0;0;0;;;;;http://www.paraglidingearth.com/?site=15343;0
10744;Le Hucel;46.3988;6.7042;948;N,NE;1;0;1;1;0;0;0;;46.4047;6.6838;428;http://www.paraglidingearth.com/?site=10744;0
2602;Le kaymard;44.5463;2.47816;698;S;1;0;0;0;0;0;0;Officiel;44.5365;2.47196;390;http://www.paraglidingearth.com/?site=2602;0
2921;Le Layens;43.0203;-0.64472;1518;S;1;0;0;0;0;0;0;;;;;http://www.paraglidingearth.com/?site=2921;0
3074;Le Mai - Cap Sicié;43.0553;5.8591;100;E,SE;1;0;0;1;0;0;0;;43.0553;5.8588;100;http://www.paraglidingearth.com/?site=3074;0
2678;Le maupuy sur gueret;46.1642;1.83778;604;NE,E;1;0;0;0;0;0;0;;;;;http://www.paraglidingearth.com/?site=2678;0
3100;Le menil;47.9031;6.8045;860;N,NE,SW,W,NW;1;0;0;0;0;0;0;;;;;http://www.paraglidingearth.com/?site=3100;0
20076;Le Mont;45.6347;6.79845;1418;;1;0;0;0;0;0;0;;;;;http://www.paraglidingearth.com/?site=20076;0
10459;le Mont Caume;43.1839;5.9075;770;SE,S,W,NW;1;0;1;1;0;0;0;;43.18;5.9059;569;http://www.paraglidingearth.com/?site=10459;0
3054;Le mont clairon;49.9194;2.7295;71;SW;1;0;0;0;0;0;0;;;;;http://www.paraglidingearth.com/?site=3054;0
2906;Le mont dore;45.5286;2.81389;1856;N;1;0;0;0;0;0;0;;;;;http://www.paraglidingearth.com/?site=2906;0
2616;Le mont du pere;48.9306;-0.445;266;SE,NW;1;0;0;0;0;0;0;;;;;http://www.paraglidingearth.com/?site=2616;0
6917;Le Murier 4 Seigneurs;45.157;5.7776;664;W;1;0;1;1;0;1;0;;;;;http://www.paraglidingearth.com/?site=6917;0
12159;Le Méruz;45.7864;6.42623;1300;N,NE,E,SE,S,SW,W,NW;1;0;0;0;0;1;0;Aire d'atterrissage de Marthod;45.7284;6.41933;389;http://www.paraglidingearth.com/?site=12159;0
2732;Le Pas Saint Martin;45.0228;5.465;1280;SW;1;0;1;1;0;0;0;;45.0208;5.44639;737;http://www.paraglidingearth.com/?site=2732;0
22231;Le Petit Cordeil;44.0675;6.50952;1776;;1;0;0;0;0;0;0;;;;;http://www.paraglidingearth.com/?site=22231;0
22644;Le Pierdel - Les Moquettes;43.9254;2.52116;585;E;1;0;0;0;0;0;0;;43.926;2.53949;243;http://www.paraglidingearth.com/?site=22644;0
18197;Le Prorel;44.9005;6.58485;2364;N,E,S;1;0;1;0;0;0;1;;44.8723;6.60725;1173;http://www.paraglidingearth.com/?site=18197;0
11629;le Puet;43.7102;6.8282;1016;E,SE,S,SW,W;1;0;1;1;0;1;1;;43.7023;6.8371;720;http://www.paraglidingearth.com/?site=11629;0
2908;Le puy gros;45.5983;2.78972;1461;E,SE,S,SW,W;1;0;0;0;0;0;0;;;;;http://www.paraglidingearth.com/?site=2908;0
3052;Le raffoux;46.7667;-0.13333;141;N,S;1;0;0;0;0;0;0;;;;;http://www.paraglidingearth.com/?site=3052;0
21312;Le Rissas;44.1959;5.16772;533;S,SW;1;0;1;1;0;0;0;;44.1922;5.16269;366;http://www.paraglidingearth.com/?site=21312;0
2825;Le roc;42.8778;1.45111;1548;W;1;0;0;0;0;0;0;;;;;http://www.paraglidingearth.com/?site=2825;0
2834;Le roc nord;44.8631;1.43667;188;N;1;0;0;0;0;0;0;;;;;http://www.paraglidingearth.com/?site=2834;0
2833;Le roc site ouest;44.8736;1.45065;275;W;1;0;0;0;0;0;0;aterrissage ouest;44.88;1.4455;86;http://www.paraglidingearth.com/?site=2833;0
14778;Le rolzac'h;48.2082;-4.1171;125;NE;1;1;1;1;0;0;1;;48.2071;-4.1184;141;http://www.paraglidingearth.com/?site=14778;0
2856;Le rozel;49.4745;-1.8443;46;NW;1;0;0;1;0;0;0;;;;;http://www.paraglidingearth.com/?site=2856;0
22394;Le signal;45.7902;6.69978;1767;;1;0;1;0;0;0;0;;45.8004;6.71929;1187;http://www.paraglidingearth.com/?site=22394;0
2994;Le Sire Sud;45.6306;5.96611;1492;SE,S,SW;1;1;1;1;0;1;0;Montagny;45.6094;5.93167;303;http://www.paraglidingearth.com/?site=2994;0
2749;Le tilleul othon;49.11;0.82278;158;;1;0;0;0;0;0;0;;;;;http://www.paraglidingearth.com/?site=2749;0
15526;Le Vieux Chaillol;44.7352;6.1901;3120;E,SE,S,SW;1;0;0;0;0;0;0;;;;;http://www.paraglidingearth.com/?site=15526;0
2844;Le villard;44.4681;3.27083;896;N;1;1;1;1;0;0;0;;;;;http://www.paraglidingearth.com/?site=2844;0
3062;Leguille;43.965;1.55333;131;E,W;1;0;0;0;1;0;0;;;;;http://www.paraglidingearth.com/?site=3062;0
2798;Les 2 alpes;44.9969;6.14833;2393;SW,W;1;0;1;0;0;1;0;;45.0008;6.12694;1633;http://www.paraglidingearth.com/?site=2798;0
11404;Les 2 lacs;45.2919;6.5723;2381;N,NE,NW;1;0;1;1;0;0;0;;45.2957;6.5771;2249;http://www.paraglidingearth.com/?site=11404;0
11479;Les Andelys;49.2493;1.39357;116;SW;1;0;1;0;0;0;1;;49.2499;1.395;140;http://www.paraglidingearth.com/?site=11479;0
19999;Les angles;42.571;2.05798;2070;;1;0;0;0;0;0;0;;;;;http://www.paraglidingearth.com/?site=19999;0
2935;Les Angles - Les Pelerins;42.5897;2.03056;1983;N,NE,E;1;0;0;0;0;0;0;;;;;http://www.paraglidingearth.com/?site=2935;0
17561;Les antennes de Grasse;43.693;6.89387;1200;;1;0;0;0;0;0;0;;;;;http://www.paraglidingearth.com/?site=17561;0
2999;Les arcs;45.5678;6.845;2501;W;1;0;0;0;0;0;0;;;;;http://www.paraglidingearth.com/?site=2999;0
3094;Les bouchaux;47.9978;6.89111;921;N,NW;1;0;0;0;0;0;0;;;;;http://www.paraglidingearth.com/?site=3094;0
3027;Les carroz d'araches;46.0308;6.6702;1797;N,W,NW;1;1;1;1;0;1;0;;46.0213;6.6397;1138;http://www.paraglidingearth.com/?site=3027;0
22108;Les Caves;47.3298;2.82848;239;;1;0;0;0;0;0;0;;;;;http://www.paraglidingearth.com/?site=22108;0
22525;Les chalets du Lachat;45.9541;6.66868;1670;;1;0;0;0;0;0;0;;;;;http://www.paraglidingearth.com/?site=22525;0
22526;Les chalets du Nant;45.952;6.6527;1027;;1;0;0;0;0;0;0;;;;;http://www.paraglidingearth.com/?site=22526;0
2651;Les chanceves;45.0925;1.85333;464;SE,NW;1;0;0;0;0;0;0;;;;;http://www.paraglidingearth.com/?site=2651;0
3036;Les Gets - Mont Chery;46.1686;6.64889;1794;E,SE,S,SW;1;0;1;0;0;1;0;;46.1626;6.67393;1175;http://www.paraglidingearth.com/?site=3036;0
18791;Les Gypières;43.2803;5.66972;470;E,SE,S;1;1;1;0;0;0;0;;43.2672;5.68444;162;http://www.paraglidingearth.com/?site=18791;0
3030;Les houches -  Prarion;45.8961;6.75056;1938;NE,W;1;0;0;0;0;0;0;;;;;http://www.paraglidingearth.com/?site=3030;0
2721;Les Limouches;44.8906;5.14131;984;N;1;1;0;0;0;0;0;La Touvière;44.8977;5.13322;546;http://www.paraglidingearth.com/?site=2721;0
22477;Les Martinières NW;45.8439;4.4833;612;;1;0;0;0;0;0;0;;;;;http://www.paraglidingearth.com/?site=22477;0
2540;Les Richards;44.6811;6.23152;1530;N,S,SW,W;1;0;1;0;0;1;0;Les Richards;44.6707;6.24469;1139;http://www.paraglidingearth.com/?site=2540;0
7589;Les Saix;46.0536;6.69763;1622;N,NE,E,SE,S,SW,W,NW;1;1;1;1;0;1;0;;46.0819;6.71254;688;http://www.paraglidingearth.com/?site=7589;0
11440;Les tablettes;48.5597;-2.7348;61;N,NE,E;1;0;0;1;0;0;0;;;;;http://www.paraglidingearth.com/?site=11440;0
9736;les trois croix;46.9197;4.6697;505;NE,SE;1;0;1;1;0;0;0;;46.9199;4.6712;486;http://www.paraglidingearth.com/?site=9736;0
17493;Les villard de Macot;45.5387;6.6731;1321;SW,W,NW;1;0;1;0;1;1;0;;45.553;6.6634;693;http://www.paraglidingearth.com/?site=17493;0
2716;Lesches en diois;44.6097;5.54778;1501;SE,S,SW;1;1;1;0;0;1;0;;;;;http://www.paraglidingearth.com/?site=2716;0
2574;Letanne beaumont;49.5571;5.06069;251;NE,E;1;0;0;0;0;0;0;Létanne Beaumont;49.5586;5.06327;157;http://www.paraglidingearth.com/?site=2574;0
22478;Letra NE;45.9575;4.49066;670;;1;0;0;0;0;0;0;;;;;http://www.paraglidingearth.com/?site=22478;0
15900;Leucate -Sémaphore Falaise EST;42.9117;3.057;50;NE,E,SE;1;0;0;1;0;0;0;;42.9117;3.057;50;http://www.paraglidingearth.com/?site=15900;0
2803;Lezat;46.5032;5.93683;905;E,SE;1;0;0;0;0;0;0;;;;;http://www.paraglidingearth.com/?site=2803;0
3082;Libarderie;46.0608;0.98611;284;;1;0;0;0;0;0;0;;;;;http://www.paraglidingearth.com/?site=3082;0
2878;Licques - haut vigneau;50.7858;1.93583;71;SE,S,SW;1;0;1;0;0;0;0;;50.7971;1.94603;86;http://www.paraglidingearth.com/?site=2878;0
11468;Lion Devant Dun;49.4105;5.2525;318;SW,W,NW;1;0;1;1;0;0;1;;49.4157;5.2493;195;http://www.paraglidingearth.com/?site=11468;0
19325;Londinières;49.8496;1.4105;175;SE,S;1;0;0;1;0;0;1;;;;;http://www.paraglidingearth.com/?site=19325;0
14872;Longuyon Villette;49.4832;5.57583;348;;1;0;0;0;0;0;0;;;;;http://www.paraglidingearth.com/?site=14872;0
23610;Loriaz;46.0394;6.91576;2020;E,SE,S;1;;;;;;;;;;;http://www.paraglidingearth.com/?site=23610;0
2746;Louviers;49.2122;1.18861;93;;1;0;0;0;0;0;0;;;;;http://www.paraglidingearth.com/?site=2746;0
2666;Lozzi;42.3511;8.96722;1560;NE,SW;1;0;0;0;0;0;0;;;;;http://www.paraglidingearth.com/?site=2666;0
2522;Lurcy levis;46.7133;2.94722;224;NE,SW;1;0;0;0;0;0;0;;;;;http://www.paraglidingearth.com/?site=2522;0
2590;Lusigny sur barse;48.2525;4.269;123;NE,SW;1;0;0;0;0;0;0;;;;;http://www.paraglidingearth.com/?site=2590;0
2829;Luzech;44.4939;1.28833;252;SE,S,SW;1;0;0;0;0;0;0;;44.4789;1.284;102;http://www.paraglidingearth.com/?site=2829;0
21919;Léoncel Ouest;44.9042;5.2069;1211;;1;0;1;1;0;0;0;Léoncel Village;44.9093;5.1926;911;http://www.paraglidingearth.com/?site=21919;0
23537;Léoncel Sud;44.9068;5.20528;1199;;1;;;;;;;;44.9091;5.19285;913;http://www.paraglidingearth.com/?site=23537;0
3013;Macot la plagne;45.4936;6.73417;2702;SW;1;0;0;0;0;0;0;;45.5061;6.709;2082;http://www.paraglidingearth.com/?site=3013;0
2647;Magnac lavalette;45.4958;0.26028;137;N,NE,E,SE,S,SW,W,NW;1;0;0;0;1;0;1;;;;;http://www.paraglidingearth.com/?site=2647;0
2920;Mail d'Eygarry;42.961;-0.66;1932;N,S;1;0;0;0;0;0;0;;42.9775;-0.60111;454;http://www.paraglidingearth.com/?site=2920;0
6909;Malay le Grand;48.165;3.3499;138;N,NE;1;0;1;1;0;0;1;;48.167;3.3517;80;http://www.paraglidingearth.com/?site=6909;0
14555;Malgrè Tout;49.9387;4.6537;341;SW;1;0;1;1;0;0;1;;;;;http://www.paraglidingearth.com/?site=14555;0
2778;Malleval;45.1317;5.44194;1326;NW;1;0;0;0;0;0;0;;;;;http://www.paraglidingearth.com/?site=2778;0
22063;Manneville-sur-Risle;49.3557;0.53455;98;;1;0;0;0;0;0;1;;;;;http://www.paraglidingearth.com/?site=22063;0
11498;Marais de L'Onglaie;49.3677;-1.4571;-2;N,NE,E,S,SW,W;1;0;0;0;0;0;1;;;;;http://www.paraglidingearth.com/?site=11498;0
11501;Marais de Selsoif;49.369;-1.49;-1;SE,NW;1;0;0;0;0;0;1;;;;;http://www.paraglidingearth.com/?site=11501;0
2744;Marais vernier;49.4025;0.4672;106;N,NE;1;0;1;1;0;0;1;;49.405;0.4718;5;http://www.paraglidingearth.com/?site=2744;0
18727;Marbriere tower;43.678;6.92882;812;;1;0;0;0;0;0;0;;;;;http://www.paraglidingearth.com/?site=18727;0
22641;Margeriaz;45.6296;6.04154;1743;S,SW;1;0;0;0;0;0;0;;45.6095;6.02524;720;http://www.paraglidingearth.com/?site=22641;0
12643;Marlens;45.7775;6.3395;993;N,NE,E,SE,S,SW,W,NW;1;0;1;0;0;1;0;;45.7627;6.3413;463;http://www.paraglidingearth.com/?site=12643;0
3061;Marnaves - parapente;44.1061;1.885;362;SE;1;0;1;0;0;0;0;;44.1061;1.885;362;http://www.paraglidingearth.com/?site=3061;0
22122;Mas Rimbault SE;43.4747;3.73642;203;E,SE,S;1;0;1;1;0;0;0;Mas Rimbaund;43.4717;3.73578;136;http://www.paraglidingearth.com/?site=22122;0
2579;Massat - port de lers;42.8124;1.3937;1413;NW;1;0;0;0;0;0;0;;42.8224;1.38009;1028;http://www.paraglidingearth.com/?site=2579;0
11495;Massingy;47.908;4.5901;306;SE,S;1;1;1;1;0;0;0;;47.9061;4.5915;232;http://www.paraglidingearth.com/?site=11495;0
15230;Massognes / Jarzay;46.7636;0.0467;94;NE,SE,SW,NW;1;1;0;0;1;0;1;;;;;http://www.paraglidingearth.com/?site=15230;0
2699;Mathay;47.4314;6.7958;485;SW,W,NW;1;0;0;0;0;0;0;;47.4348;6.7884;339;http://www.paraglidingearth.com/?site=2699;0
2934;Mauroux (Pic dels Moros);42.5105;1.98852;2078;SE,S,SW;1;0;1;1;0;1;0;;42.5008;1.9856;1648;http://www.paraglidingearth.com/?site=2934;0
3020;Megeve;45.8333;6.6127;1754;N,NE,E,W,NW;1;0;1;0;0;1;0;;45.8364;6.58151;1020;http://www.paraglidingearth.com/?site=3020;0
2673;Meloisey;47.0392;4.72556;510;SE,S;1;0;1;1;0;0;0;;;;;http://www.paraglidingearth.com/?site=2673;0
2841;Mende est;44.515;3.45833;1050;E;1;0;0;0;0;0;0;;44.5188;3.4658;710;http://www.paraglidingearth.com/?site=2841;0
2839;Mende nord;44.5078;3.47778;1053;N;1;0;0;0;0;0;0;;44.5165;3.4755;703;http://www.paraglidingearth.com/?site=2839;0
2840;Mende sud;44.4903;3.51028;1026;S;1;0;0;0;0;0;0;;44.483;3.5104;772;http://www.paraglidingearth.com/?site=2840;0
2751;Menez-Hom (Menez Hom);48.2205;-4.2364;294;N,NE,W,NW;1;1;1;1;0;0;1;;48.2188;-4.2369;313;http://www.paraglidingearth.com/?site=2751;0
11102;Meribel;45.3778;6.6097;2611;N,SW,W,NW;1;0;0;0;0;0;0;;45.3844;6.5726;1521;http://www.paraglidingearth.com/?site=11102;0
2505;Merpuis;46.1228;5.44139;552;SW,W,NW;1;0;0;0;0;0;0;;;;;http://www.paraglidingearth.com/?site=2505;0
2693;Metabief;46.7605;6.3571;0;N,W,NW;1;0;0;0;0;0;0;;;;;http://www.paraglidingearth.com/?site=2693;0
2828;Meyronne;44.8822;1.60833;105;W;1;0;0;0;0;0;0;;;;;http://www.paraglidingearth.com/?site=2828;0
2884;Mieures - campagne les boulonnais;50.6217;1.9875;162;E,W;1;0;0;0;0;0;0;;;;;http://www.paraglidingearth.com/?site=2884;0
3039;Mieussy;46.1449;6.54591;1608;SE,S,SW,W;1;0;1;0;0;1;0;;46.1302;6.52535;592;http://www.paraglidingearth.com/?site=3039;0
2516;Mijoux;46.3664;6.01083;1314;NW;1;0;0;0;0;0;0;;;;;http://www.paraglidingearth.com/?site=2516;0
2597;Millau - Brunas;44.0732;3.06407;717;N,NW;1;1;1;1;0;0;1;;44.0796;3.05643;468;http://www.paraglidingearth.com/?site=2597;0
14551;Millau -Puncho d Agast;44.1104;3.1009;802;N,SE,S,SW,W,NW;1;1;1;1;0;0;0;Millau plage;44.1142;3.08722;358;http://www.paraglidingearth.com/?site=14551;0
22951;Millau Golf;44.1079;3.08649;358;N,NE,SE,S,SW,NW;1;0;1;1;0;0;0;;;;;http://www.paraglidingearth.com/?site=22951;0
22952;Millau Graufesenque;44.0991;3.09031;355;N,NE,SE,S,SW,NW;1;1;1;1;0;0;0;;;;;http://www.paraglidingearth.com/?site=22952;0
22950;Millau Plage;44.1143;3.08739;359;N,NE,SE,S,SW,NW;1;0;1;1;0;0;0;;;;;http://www.paraglidingearth.com/?site=22950;0
19836;Millylamartine;46.3416;4.6906;373;SE;1;0;0;1;0;0;0;;46.341;4.6915;339;http://www.paraglidingearth.com/?site=19836;0
14745;Mison;44.2779;5.8373;683;W;1;0;0;1;0;0;0;;44.2741;5.8315;531;http://www.paraglidingearth.com/?site=14745;0
2997;Modane - valfrejus;45.2511;6.66667;2417;S;1;0;0;0;0;0;0;;;;;http://www.paraglidingearth.com/?site=2997;0
2532;Molard;44.1331;5.96667;466;N,S;1;0;0;0;0;0;0;;;;;http://www.paraglidingearth.com/?site=2532;0
2551;Monaco- Roquebrune- Mont Gros;43.7657;7.44272;674;E,SE,S,SW;1;0;1;1;0;0;0;;43.759;7.45355;16;http://www.paraglidingearth.com/?site=2551;0
2653;Monceaux - bros;45.0647;1.89944;454;N,E;1;0;0;0;0;0;0;;;;;http://www.paraglidingearth.com/?site=2653;0
2652;Monceaux - le temple;45.0496;1.92617;467;S,SW,W;1;0;0;0;0;0;0;;45.0469;1.90746;164;http://www.paraglidingearth.com/?site=2652;0
2654;Monceaux - puy du tour;45.0816;1.92129;386;SE,S,SW;1;0;0;0;0;0;0;;45.0762;1.9275;177;http://www.paraglidingearth.com/?site=2654;0
2655;Monceaux - treyssac entauve;45.0389;1.89639;377;NW;1;0;0;0;0;0;0;;;;;http://www.paraglidingearth.com/?site=2655;0
10172;Mont Blanc;45.8333;6.8641;4536;N,S,NW;1;0;0;1;0;0;0;;45.9295;6.87663;1045;http://www.paraglidingearth.com/?site=10172;0
2755;Mont Bouquet;44.132;4.28545;597;N,NE,E,SE,S,SW;1;0;1;1;0;0;1;;44.1208;4.29121;281;http://www.paraglidingearth.com/?site=2755;0
22971;Mont Cabanes Graissessac;43.6923;3.06149;913;SE,S;1;;;;;;;Atterrissage  Graissessac;43.6773;3.0736;537;http://www.paraglidingearth.com/?site=22971;0
2694;Mont chateleu;46.99;6.57556;1282;W;1;0;0;0;0;0;0;;;;;http://www.paraglidingearth.com/?site=2694;0
2823;Mont d'alambre;44.9153;4.15917;1554;S,SW;1;0;0;0;0;0;0;;;;;http://www.paraglidingearth.com/?site=2823;0
2692;Mont d'or;46.7325;6.36028;1290;E;1;0;0;0;0;0;0;;;;;http://www.paraglidingearth.com/?site=2692;0
18808;Mont Dardon;46.6775;4.03611;480;N,NW;1;0;0;0;0;0;0;;46.6781;4.03222;391;http://www.paraglidingearth.com/?site=18808;0
2973;Mont Dardon Sud;46.6767;4.03667;495;S;1;0;0;0;0;0;0;null;46.671;4.03793;356;http://www.paraglidingearth.com/?site=2973;0
23441;Mont de Gez - Argelès Gazost;43.0072;-0.12386;1094;E,SE,S;1;1;0;0;0;0;0;;;;;http://www.paraglidingearth.com/?site=23441;0
3014;Mont de la chambre;45.3178;6.57833;2809;SW,W;1;0;1;0;0;1;0;;;;;http://www.paraglidingearth.com/?site=3014;0
14933;Mont de la Clique;49.8913;1.67737;172;W,NW;1;0;0;0;0;0;0;;49.8913;1.67412;103;http://www.paraglidingearth.com/?site=14933;0
2970;Mont de vannes;47.7581;6.62389;602;NW;1;0;0;0;0;0;0;;;;;http://www.paraglidingearth.com/?site=2970;0
2821;Mont Denise;45.0594;3.85556;869;S,SW,W,NW;1;0;0;0;0;0;0;;;;;http://www.paraglidingearth.com/?site=2821;0
2544;Mont guillaume;44.5683;6.42389;1472;SW;1;0;0;0;0;0;0;;;;;http://www.paraglidingearth.com/?site=2544;0
2883;Mont hulin;50.6639;1.85;129;;1;0;0;0;0;0;0;;;;;http://www.paraglidingearth.com/?site=2883;0
10863;Mont Jovet;45.4856;6.6393;2289;SE,S;1;1;1;0;0;1;0;;45.4423;6.6548;848;http://www.paraglidingearth.com/?site=10863;0
3042;Mont Lachat;45.8714;6.79389;2053;SW,W,NW;1;0;1;0;0;1;0;;45.9153;6.7058;579;http://www.paraglidingearth.com/?site=3042;0
2827;Mont mercou;44.9113;1.582;308;SE,S;1;0;0;0;0;0;0;;;;;http://www.paraglidingearth.com/?site=2827;0
2558;Mont mezenc;44.9103;4.1928;0;E,S;1;0;0;0;0;0;0;;;;;http://www.paraglidingearth.com/?site=2558;0
14634;Mont Ministre;45.469;4.6932;756;SE,S,SW;1;0;0;0;0;0;0;;45.4597;4.6952;462;http://www.paraglidingearth.com/?site=14634;0
18098;mont Moiran;47.622;6.34945;374;NE,E;1;1;0;1;0;0;0;;47.622;6.34945;374;http://www.paraglidingearth.com/?site=18098;0
2509;Mont Myon;46.3306;5.39694;614;SW,W,NW;1;0;1;1;0;0;0;;46.33;5.3882;362;http://www.paraglidingearth.com/?site=2509;0
19845;Mont pejus;46.5955;4.6397;339;SE,S;1;0;0;1;0;0;0;;46.59;4.6407;236;http://www.paraglidingearth.com/?site=19845;0
22841;Mont Pelat;45.5934;6.11338;1527;;1;0;0;0;0;0;0;;;;;http://www.paraglidingearth.com/?site=22841;0
19842;Mont peloux;46.4927;4.7437;407;NW;1;0;1;1;0;0;0;;46.4977;4.7408;303;http://www.paraglidingearth.com/?site=19842;0
2807;Mont poupet;46.9702;5.8762;821;S,W,NW;1;0;1;1;0;0;0;;46.9714;5.8702;620;http://www.paraglidingearth.com/?site=2807;0
22092;Mont Saint Eloi;50.3292;2.65899;102;N,NE,E,SE,NW;1;0;0;0;1;0;1;;;;;http://www.paraglidingearth.com/?site=22092;0
14780;Mont Saint-Michel;48.3502;-3.9448;371;NE;1;1;1;1;0;0;1;;48.3474;-3.9405;316;http://www.paraglidingearth.com/?site=14780;0
2814;Mont semiol;45.6331;3.97139;1010;N;1;0;0;0;0;0;0;;;;;http://www.paraglidingearth.com/?site=2814;0
19841;Mont st romain;46.4962;4.7508;520;W;1;0;1;0;0;0;0;;46.4973;4.7408;303;http://www.paraglidingearth.com/?site=19841;0
23959;Mont Tauch Paziols;42.8913;2.69088;671;;1;;;;;;;;;;;http://www.paraglidingearth.com/?site=23959;0
17556;Mont Vial;43.8949;7.14592;1416;;1;0;0;0;0;0;0;;;;;http://www.paraglidingearth.com/?site=17556;0
22393;Mont Vorassay;45.8522;6.76625;2280;S,SW;1;0;0;0;0;0;0;;;;;http://www.paraglidingearth.com/?site=22393;0
11400;Mont-Saint-Père;49.0712;3.4749;153;E,SE;1;0;1;1;0;0;0;;49.0699;3.4763;106;http://www.paraglidingearth.com/?site=11400;0
22615;Montagne du Poët;44.5575;5.02227;880;N,NW;1;0;0;0;0;0;0;;;;;http://www.paraglidingearth.com/?site=22615;0
13974;Montagne Verte;42.9862;-0.39703;1021;;1;0;0;0;0;0;0;;;;;http://www.paraglidingearth.com/?site=13974;0
2794;Montaud;45.245;5.57445;1262;N,NE,NW;1;0;1;1;0;1;0;;45.2646;5.57063;689;http://www.paraglidingearth.com/?site=2794;0
22020;Montaudon -Plaisir;46.4448;4.6291;438;;1;0;0;0;0;0;0;;;;;http://www.paraglidingearth.com/?site=22020;0
9994;Montblond;44.5092;1.89389;299;SE,S;1;0;1;0;0;0;1;;44.5035;1.89493;151;http://www.paraglidingearth.com/?site=9994;0
2806;Montcusel;46.3333;5.66667;456;S,W;1;0;0;0;0;0;0;;;;;http://www.paraglidingearth.com/?site=2806;0
10661;Monte Gozzi;42.0113;8.78154;642;SE,S,SW,W;1;0;1;0;0;1;0;;41.9991;8.77521;180;http://www.paraglidingearth.com/?site=10661;0
2689;Montfaucon;47.2408;6.08194;570;NW;1;0;0;0;0;0;0;;;;;http://www.paraglidingearth.com/?site=2689;0
7138;Montgellafrey;45.4081;6.3164;1791;E,SE,S,SW;1;0;0;0;0;1;0;;;;;http://www.paraglidingearth.com/?site=7138;0
6922;Montgirod-Arcachat;45.5423;6.5582;1931;N,NE,E,SE,S,SW,W,NW;1;0;0;0;0;1;0;;45.5332;6.5983;589;http://www.paraglidingearth.com/?site=6922;0
23972;Monthermé;49.8892;4.72543;361;SE,S;1;;;;;;;;49.883;4.72813;137;http://www.paraglidingearth.com/?site=23972;0
7221;MONTJOUX  Dio et Valquière NO - S;43.6722;3.1947;561;N,SE,S,SW,W,NW;1;0;0;1;0;0;0;;43.6631;3.193;282;http://www.paraglidingearth.com/?site=7221;0
15919;MONTJOUX  Dio et Valquière SE;43.674;3.2159;584;SE;1;0;1;1;0;0;0;;43.6699;3.2181;412;http://www.paraglidingearth.com/?site=15919;0
2992;Montlambert;45.5528;6.1051;869;N,NE,E,SE,S,W,NW;1;0;1;0;0;1;0;null;45.5412;6.1177;271;http://www.paraglidingearth.com/?site=2992;0
2698;Montlandon;47.3108;6.84389;744;NE;1;0;0;0;0;0;0;;;;;http://www.paraglidingearth.com/?site=2698;0
3046;Montmin (Col de la Forclaz);45.8142;6.247;1265;N,W,NW;1;1;1;0;0;1;0;Doussard;45.7819;6.2221;467;http://www.paraglidingearth.com/?site=3046;0
2586;Monts d'olmes;42.8264;1.74556;2018;W;1;0;0;0;0;0;0;;;;;http://www.paraglidingearth.com/?site=2586;0
2977;Montsard;46.344;4.709;364;N;1;0;0;0;0;0;0;;46.3451;4.7065;326;http://www.paraglidingearth.com/?site=2977;0
19354;moroges;46.7389;4.66764;431;N,NE;1;0;1;1;0;0;0;;46.7411;4.66992;354;http://www.paraglidingearth.com/?site=19354;0
2705;Morond mont d'or;46.7504;6.3439;0;W;1;0;0;0;0;0;0;;;;;http://www.paraglidingearth.com/?site=2705;0
3024;Morzine;46.1925;6.72167;1559;SW;1;0;0;0;0;0;0;;46.1772;6.71302;1027;http://www.paraglidingearth.com/?site=3024;0
2580;Moulis;42.9533;1.10028;771;NE;1;0;0;0;0;0;0;;;;;http://www.paraglidingearth.com/?site=2580;0
2536;Moustiers Ste.Marie - Mt.Denier;43.8539;6.26722;1401;S,SW,W,NW;1;0;1;1;0;1;1;;43.8534;6.2475;975;http://www.paraglidingearth.com/?site=2536;0
3096;Moutiers des fees;48.0139;6.88611;758;S;1;0;1;0;0;0;0;;;;;http://www.paraglidingearth.com/?site=3096;0
3093;Moyenmont;48.0094;6.89972;951;E,W;1;0;1;1;0;0;0;;;;;http://www.paraglidingearth.com/?site=3093;0
23309;Mt Flo;-21.9217;166.013;174;;1;0;1;1;0;1;0;Carrière;-21.9261;166.019;9;http://www.paraglidingearth.com/?site=23309;0
10367;Mt.Ventoux;44.1745;5.2785;1898;N,NE,SE,S,SW,NW;1;1;1;1;1;1;1;Mont Serein;44.182;5.2589;1422;http://www.paraglidingearth.com/?site=10367;0
6936;Mundolsheim;48.6332;7.69781;155;N,W,NW;1;0;0;1;0;0;0;;;;;http://www.paraglidingearth.com/?site=6936;0
2725;Musan;45.99;5.23667;324;E;1;0;0;0;0;0;0;;;;;http://www.paraglidingearth.com/?site=2725;0
2789;Méaudre;45.1169;5.51722;1302;NE,E;1;0;0;0;0;0;0;;;;;http://www.paraglidingearth.com/?site=2789;0
3017;Naves (lac des bozons);45.5536;6.54972;1999;W,NW;1;0;0;0;0;0;0;;;;;http://www.paraglidingearth.com/?site=3017;0
22473;Nessadiou;-21.6166;165.538;455;SE,S,SW;1;0;1;1;0;1;0;;;;;http://www.paraglidingearth.com/?site=22473;0
22236;Neuffontaines;47.3612;3.75772;354;SW;1;0;0;0;0;0;0;;;;;http://www.paraglidingearth.com/?site=22236;0
2811;Ney;46.7319;5.89361;0;NE,SW;1;0;0;0;0;0;0;;;;;http://www.paraglidingearth.com/?site=2811;0
2838;Nicole;44.3249;0.3471;149;NE,E,SW,W;1;0;1;1;0;0;1;;44.3213;0.3427;32;http://www.paraglidingearth.com/?site=2838;0
2945;Niedermatten (pente ecole);48.3752;7.308;511;S,SW,W;1;0;0;0;0;0;0;;48.3735;7.3076;452;http://www.paraglidingearth.com/?site=2945;0
2571;Nohan sur semoy;49.873;4.83128;317;N,NE;1;0;0;0;0;0;0;;49.8773;4.82952;162;http://www.paraglidingearth.com/?site=2571;0
2804;Noirmont;46.4869;6.10722;1421;N,NW;1;0;0;0;0;0;0;;;;;http://www.paraglidingearth.com/?site=2804;0
2664;Nonza;42.7925;9.35528;240;W;1;0;0;0;0;0;0;;;;;http://www.paraglidingearth.com/?site=2664;0
2598;Novis-Séverac le Chateau;44.2575;3.11806;867;SE,S;1;0;1;1;0;0;0;;;;;http://www.paraglidingearth.com/?site=2598;0
15586;Noyers;47.7018;4.0013;220;S;1;0;1;1;0;0;0;;47.7001;4.0011;172;http://www.paraglidingearth.com/?site=15586;0
15587;Noyers (Venoise);47.693;4.018;262;SW;1;0;1;1;0;0;0;;47.69;4.0163;172;http://www.paraglidingearth.com/?site=15587;0
15579;Noyers-sur-Serein (Clorges);47.707;3.9884;212;S,SW;1;0;1;1;0;0;0;;47.7051;3.9872;167;http://www.paraglidingearth.com/?site=15579;0
2859;Nozet;48.8369;3.54154;209;;1;0;0;0;0;0;0;;;;;http://www.paraglidingearth.com/?site=2859;0
16694;Oberhaslach (pente ecole);48.5584;7.3375;327;E,SE;1;0;0;0;0;0;0;;48.5584;7.3375;327;http://www.paraglidingearth.com/?site=16694;0
7271;Octeville;49.5475;0.0859;91;W,NW;1;1;0;1;0;0;0;;49.5473;0.0862;91;http://www.paraglidingearth.com/?site=7271;0
21907;Octon;43.6466;3.29357;350;NE,E,SE,S;1;1;1;1;0;1;0;;43.6511;3.29593;370;http://www.paraglidingearth.com/?site=21907;0
14681;Oeillon Est;45.3938;4.6131;1308;NE,E,SE;1;0;1;0;0;1;1;;45.4095;4.6463;732;http://www.paraglidingearth.com/?site=14681;0
16761;Oeillon Sud;45.3886;4.6043;1367;SE,S,SW;1;0;1;1;0;1;0;;45.3827;4.6113;1155;http://www.paraglidingearth.com/?site=16761;0
17842;Oingt rhone;45.9571;4.5924;670;SW,W;1;0;1;1;0;0;0;;45.9537;4.58871;546;http://www.paraglidingearth.com/?site=17842;0
2621;Olendon;48.9761;-0.16833;102;W,NW;1;0;0;0;1;0;0;;;;;http://www.paraglidingearth.com/?site=2621;0
2880;Olhain - Parc d'Olhain;50.4338;2.5859;181;S,SW;1;0;1;1;0;0;0;;50.4323;2.5851;138;http://www.paraglidingearth.com/?site=2880;0
21709;Omméel;48.8114;0.16003;232;;1;0;1;0;0;0;0;;48.8097;0.15556;141;http://www.paraglidingearth.com/?site=21709;0
2853;Omonville la rogue;49.6951;-1.833;90;NE;1;0;0;1;0;0;0;;;;;http://www.paraglidingearth.com/?site=2853;0
10649;Oraison;43.8996;5.921;532;SW,W,NW;1;0;0;1;0;0;0;;43.8948;5.9135;340;http://www.paraglidingearth.com/?site=10649;0
9315;Orbigny;47.2201;1.2904;156;N,E,S,W;1;0;0;0;1;0;1;;47.2199;1.2907;156;http://www.paraglidingearth.com/?site=9315;0
2541;Orcieres;44.6991;6.30606;2096;SW;1;0;1;0;0;0;0;;44.6781;6.31732;1296;http://www.paraglidingearth.com/?site=2541;0
10861;Osmoy st Valery - Pente école;49.7865;1.30187;148;N,NE,E;1;1;1;1;0;0;1;null;49.7872;1.30492;110;http://www.paraglidingearth.com/?site=10861;0
21390;Osmoy St Valéry - Mont Blanc;49.7876;1.29383;151;N,NE,E;1;1;1;1;0;0;1;;49.7881;1.29471;122;http://www.paraglidingearth.com/?site=21390;0
22104;Ostriconi;42.6581;9.05667;83;NW;1;0;0;0;0;0;0;;;;;http://www.paraglidingearth.com/?site=22104;0
2691;Ougney la roche;47.3081;6.2275;515;NW;1;0;0;0;0;0;0;;;;;http://www.paraglidingearth.com/?site=2691;0
2618;Ouilly le tesson;49.0081;-0.23556;113;NE;1;0;0;0;1;0;0;;;;;http://www.paraglidingearth.com/?site=2618;0
17929;oule;44.5124;5.83167;1540;;1;0;0;0;0;0;0;;;;;http://www.paraglidingearth.com/?site=17929;0
17809;Oylarandoy;43.1536;-1.33338;895;;1;0;0;0;0;0;0;;;;;http://www.paraglidingearth.com/?site=17809;0
10808;Pagny la Blanche Cote;48.544;5.7081;344;S;1;1;0;1;0;0;0;;48.5416;5.7119;254;http://www.paraglidingearth.com/?site=10808;0
2808;Pannessieres;46.7054;5.60345;0;W;1;0;0;0;0;0;0;;;;;http://www.paraglidingearth.com/?site=2808;0
23097;Para-plaine du Berry;46.957;1.59774;167;;1;;;;;;;;;;;http://www.paraglidingearth.com/?site=23097;0
14825;Parapente-charente;45.4904;0.2492;141;N,NE,E,SE,S,SW,W,NW;1;0;0;0;1;0;1;;45.4896;0.25;142;http://www.paraglidingearth.com/?site=14825;0
21828;Parmelan;45.9472;6.2394;1816;;1;0;0;0;0;0;0;;;;;http://www.paraglidingearth.com/?site=21828;0
16920;Paros;44.3776;3.51045;920;;1;0;0;0;0;0;0;;;;;http://www.paraglidingearth.com/?site=16920;0
2500;Parves;45.7392;5.72806;593;SW,W,NW;1;0;0;0;0;0;0;;;;;http://www.paraglidingearth.com/?site=2500;0
22902;Pasly;49.3985;3.31047;126;;1;;;;;;;;49.3975;3.3097;91;http://www.paraglidingearth.com/?site=22902;0
2669;Pasques;47.3729;4.8661;524;NE,SW;1;0;1;0;1;0;0;;47.3679;4.8617;528;http://www.paraglidingearth.com/?site=2669;0
18352;Pech de Fusil;44.4988;1.0479;101;E,SE,S;1;0;1;1;0;0;0;;;;;http://www.paraglidingearth.com/?site=18352;0
2870;Penestin - La mine d'or;47.4826;-2.4956;20;SW,W;1;0;0;1;0;0;0;;;;;http://www.paraglidingearth.com/?site=2870;0
2836;Penne d\'agenais;44.3912;0.8226;197;N,NE,NW;1;1;1;1;0;0;1;;44.3974;0.8248;58;http://www.paraglidingearth.com/?site=2836;0
22025;Pente de Clermain;46.3566;4.58866;348;;1;0;0;0;0;0;0;;;;;http://www.paraglidingearth.com/?site=22025;0
22022;Pente de Sendon;46.4451;4.64597;303;;1;0;0;0;0;0;0;;;;;http://www.paraglidingearth.com/?site=22022;0
19401;pente ecole;45.7092;1.3245;292;NE,E,SE;1;1;0;1;1;0;0;;45.7088;1.3281;239;http://www.paraglidingearth.com/?site=19401;0
2518;Pente ecole de menthieres;46.1742;5.84861;1070;S;1;0;0;0;0;0;0;;;;;http://www.paraglidingearth.com/?site=2518;0
21456;Pente Ecole Gonflage : Lattes;43.5707;3.92189;21;N,NE,E,SE,S,SW,W,NW;1;0;0;0;0;0;0;;43.5707;3.92087;8;http://www.paraglidingearth.com/?site=21456;0
22973;Pente Ecole Malbosc - Montpellier;43.6292;3.83176;76;N,NE,E,SE,S,SW,W,NW;1;;;;;;;;;;;http://www.paraglidingearth.com/?site=22973;0
19576;pente ecole Marennes;45.6141;4.9032;257;N,NE,NW;1;0;0;1;0;0;0;;45.6154;4.903;233;http://www.paraglidingearth.com/?site=19576;0
22192;Pente école : Brunas;44.0704;3.06377;737;;1;0;0;0;0;0;0;;;;;http://www.paraglidingearth.com/?site=22192;0
22187;Pente école : Clermont base nautique;43.6445;3.38671;141;;1;0;0;0;0;0;0;;;;;http://www.paraglidingearth.com/?site=22187;0
22186;Pente école : Les Vailhès;43.67;3.3534;143;SE,S,SW;1;0;0;0;0;0;0;;;;;http://www.paraglidingearth.com/?site=22186;0
15630;Pente école : Lespignan;43.2592;3.1772;60;SE,S;1;0;0;1;0;0;0;;43.2565;3.1772;11;http://www.paraglidingearth.com/?site=15630;0
22118;Pente école : Peyriac;43.0923;2.98176;30;;1;0;0;0;0;0;0;;;;;http://www.paraglidingearth.com/?site=22118;0
22193;Pente école : Saint-Bauzille-de-Montmel;43.766;3.93909;153;N;1;0;0;0;0;0;0;;;;;http://www.paraglidingearth.com/?site=22193;0
6897;Petit Drumont;47.8983;6.9192;1161;E;1;0;0;0;0;1;0;;47.8824;6.9442;452;http://www.paraglidingearth.com/?site=6897;0
19789;Petit Mont-Rond;46.3575;6.01793;1491;;1;1;1;1;0;1;0;;46.3425;6.06537;632;http://www.paraglidingearth.com/?site=19789;0
22147;petit Montaud;45.2797;5.57303;705;N,W,NW;1;0;1;0;0;0;0;Top landing;45.2767;5.572;712;http://www.paraglidingearth.com/?site=22147;0
19006;Pevani;42.024;8.68722;98;;1;0;0;0;0;0;0;;;;;http://www.paraglidingearth.com/?site=19006;0
11187;Pevy;49.315;3.8498;170;S;1;0;0;0;0;0;0;;49.3143;3.8525;139;http://www.paraglidingearth.com/?site=11187;0
18792;Pey gros;43.2717;5.66944;444;E,SE,S,SW;1;1;1;0;0;0;0;;43.2672;5.68444;162;http://www.paraglidingearth.com/?site=18792;0
2585;Peyre mensongere;42.7982;1.23077;0;;1;0;0;0;0;0;0;;;;;http://www.paraglidingearth.com/?site=2585;0
14648;Peyriac;43.0841;2.97402;21;SE;1;0;0;0;0;0;0;;;;;http://www.paraglidingearth.com/?site=14648;0
11355;Pic d' Andan;44.1359;3.06452;769;;1;1;1;1;0;0;0;;;;;http://www.paraglidingearth.com/?site=11355;0
2923;Pic d'Annie;42.9439;-0.71944;2500;E;1;1;0;0;0;0;0;;42.9419;-0.67639;1088;http://www.paraglidingearth.com/?site=2923;0
23449;Pic de Bergons - Luz Saint-Sauveur;42.8409;0.01478;2056;;1;0;0;0;0;0;0;;;;;http://www.paraglidingearth.com/?site=23449;0
2596;Pic de Brau;43.0118;2.2259;606;N,NW;1;0;1;1;0;0;0;;43.0144;2.2068;263;http://www.paraglidingearth.com/?site=2596;0
16789;Pic de Fourneuby;43.8265;6.892;1499;;1;0;0;0;0;0;0;;;;;http://www.paraglidingearth.com/?site=16789;0
2812;Pic de l\'aigle;46.6147;5.90194;945;W,NW;1;0;0;0;0;0;0;;;;;http://www.paraglidingearth.com/?site=2812;0
15027;pic de la colmiane;44.0576;7.21487;1685;;1;0;0;0;0;0;0;;;;;http://www.paraglidingearth.com/?site=15027;0
23451;Pic de Miqueu - St Pé de Bigorre;43.0601;-0.17239;1443;N,W,NW;1;0;0;0;0;0;0;;;;;http://www.paraglidingearth.com/?site=23451;0
23459;Pic de Taulemale;43.0766;-0.11648;1074;N,W,NW;1;0;0;0;0;0;0;;;;;http://www.paraglidingearth.com/?site=23459;0
10807;Pic de Vissou;43.5966;3.35081;340;E,SE,S,SW;1;0;1;1;0;0;0;Atterrissage;43.5922;3.35413;154;http://www.paraglidingearth.com/?site=10807;0
19599;Pic de Vissou EST;43.5991;3.3581;410;E;1;0;1;1;0;0;0;;;;;http://www.paraglidingearth.com/?site=19599;0
23444;Pic du Jer - Anclade;43.0811;-0.03091;900;NE,E;1;0;0;0;0;0;0;;;;;http://www.paraglidingearth.com/?site=23444;0
23443;Pic du Merdanson - Arthez d'Asson;43.0542;-0.29771;1529;N,NE,SE,S,SW,W,NW;1;0;0;0;0;0;0;;;;;http://www.paraglidingearth.com/?site=23443;0
23450;Pic du Pas de Broc - Arthez d'Asson;43.059;-0.28938;1357;N,NE,E,SE,S,SW,NW;1;0;0;0;0;0;0;;;;;http://www.paraglidingearth.com/?site=23450;0
2891;Pic st pierre;45.5322;2.98972;879;SE,S;1;0;0;0;0;0;0;;;;;http://www.paraglidingearth.com/?site=2891;0
23543;Pignu;42.6944;9.39807;935;;1;;;;;;;;;;;http://www.paraglidingearth.com/?site=23543;0
23954;Piv Estaques;42.411;2.0352;2052;;1;;;;;;;;;;;http://www.paraglidingearth.com/?site=23954;0
2931;Pla d'Adet;42.8147;0.2982;1630;N,NE;1;0;1;1;0;1;0;;42.8198;0.3172;815;http://www.paraglidingearth.com/?site=2931;0
22322;Pla de l'homme;42.7835;1.94475;1766;N,NE,W,NW;1;0;0;0;0;0;0;;;;;http://www.paraglidingearth.com/?site=22322;0
11435;plage Bonaparte;48.7056;-2.9225;49;NE,E;1;0;0;1;0;0;0;;;;;http://www.paraglidingearth.com/?site=11435;0
17626;Plage CAP de L'HOMY (40);44.0379;-1.34105;13;;1;0;0;0;0;0;0;;;;;http://www.paraglidingearth.com/?site=17626;0
3021;Plaine Joux (Passy);45.9496;6.7397;1353;N,NE,E,SE,S,SW,W,NW;1;0;1;0;0;1;0;Chedde;45.9285;6.7246;603;http://www.paraglidingearth.com/?site=3021;0
6181;Plan de l'Aiguille (Chamonix);45.9022;6.88369;2275;W;1;0;1;0;0;1;0;;45.9294;6.87667;1041;http://www.paraglidingearth.com/?site=6181;0
23592;Plan de la Boutte;45.6485;6.76305;2008;;1;;;;;;;;;;;http://www.paraglidingearth.com/?site=23592;0
2985;Plan de langot;45.6817;6.32208;1185;E,SE,S,SW,W;1;0;1;0;0;0;0;;;;;http://www.paraglidingearth.com/?site=2985;0
3028;Plan Praz/ Brevent (Chamonix);45.9356;6.855;1927;NE,S;1;0;1;0;0;1;0;;45.9294;6.8764;1041;http://www.paraglidingearth.com/?site=3028;0
22847;Planoise NE;47.2085;5.9839;454;NE;1;1;1;1;0;0;0;Atterrissage;47.2005;5.98663;231;http://www.paraglidingearth.com/?site=22847;0
22476;Plat Du Mont N/NE;45.8458;4.47066;603;;1;0;0;0;0;0;0;;;;;http://www.paraglidingearth.com/?site=22476;0
22953;Platé;45.9639;6.7072;2166;SE,S,SW;1;0;0;0;0;0;0;;;;;http://www.paraglidingearth.com/?site=22953;0
11437;Pleneuf  Val Andre;48.5971;-2.5447;46;N,NE,NW;1;0;0;1;0;0;0;;;;;http://www.paraglidingearth.com/?site=11437;0
10889;Plivot;49.0094;4.0851;88;N,NE,E,SE,S,SW,W,NW;1;0;1;0;1;0;0;;49.0095;4.0861;87;http://www.paraglidingearth.com/?site=10889;0
2637;Plomb du cantal;45.0611;2.76083;1804;N,W,NW;1;0;1;0;0;1;0;Station Super Lioran;45.0815;2.74877;1238;http://www.paraglidingearth.com/?site=2637;0
11432;Plouezec;48.7611;-2.9816;35;N;1;0;0;1;1;0;0;;;;;http://www.paraglidingearth.com/?site=11432;0
3090;Poele sauvage;48.0356;6.61556;748;SW;1;0;0;0;0;0;0;;;;;http://www.paraglidingearth.com/?site=3090;0
22531;Pointe de l'Arbaron;46.0066;6.66446;1952;;1;0;1;0;0;1;0;;;;;http://www.paraglidingearth.com/?site=22531;0
2881;Pointe de la creche;50.7506;1.60556;40;SW,W,NW;1;0;0;1;0;0;0;;;;;http://www.paraglidingearth.com/?site=2881;0
11405;Pointe de la Masse;45.2967;6.5081;2755;E,SE,S,SW,W;1;0;1;0;0;1;0;;45.3139;6.5366;1790;http://www.paraglidingearth.com/?site=11405;0
23676;Pointe du Lavachet;45.4622;6.92283;2609;;1;;;;;;;;;;;http://www.paraglidingearth.com/?site=23676;0
2760;Pompignan;43.8769;3.8577;356;N,NE,NW;1;1;1;1;0;0;1;;43.8806;3.8557;207;http://www.paraglidingearth.com/?site=2760;0
20112;Pontarlier;46.9104;6.3248;813;;1;0;0;0;0;0;0;;;;;http://www.paraglidingearth.com/?site=20112;0
2513;Port;46.1586;5.57361;697;N,W,NW;1;0;0;0;0;0;0;;46.1588;5.5669;480;http://www.paraglidingearth.com/?site=2513;0
2858;Port a binson;49.0727;3.7625;201;N;1;0;0;0;0;0;0;;49.0745;3.7645;153;http://www.paraglidingearth.com/?site=2858;0
10888;Port a Binson;49.0726;3.7625;210;N,NW;1;0;1;1;0;0;1;;49.0746;3.7649;145;http://www.paraglidingearth.com/?site=10888;0
15531;Porte Sereine;44.377;5.78481;1140;S,SW,W;1;0;1;1;0;0;0;;44.3647;5.7811;693;http://www.paraglidingearth.com/?site=15531;0
12525;Poste de Gaz;49.1029;7.22982;357;;1;0;0;0;0;0;0;;;;;http://www.paraglidingearth.com/?site=12525;0
11421;Poudreuse (Les Arcs);45.549;6.7846;2102;SW,W,NW;1;0;1;0;0;1;0;;45.5916;6.7512;757;http://www.paraglidingearth.com/?site=11421;0
22234;Pougues-les-Eaux;47.0765;3.11276;276;N;1;0;0;0;0;0;0;;47.0799;3.11302;211;http://www.paraglidingearth.com/?site=22234;0
23630;Pra Plan;45.577;6.62391;2062;;1;;;;;;;;;;;http://www.paraglidingearth.com/?site=23630;0
19769;prades;42.789;1.8539;1638;NE,E;1;0;0;1;0;0;0;;42.7844;1.878;1235;http://www.paraglidingearth.com/?site=19769;0
2800;Prapoutel les 7 laux;45.2386;6.01694;1970;W;1;0;0;0;0;0;0;;45.2557;5.99729;1350;http://www.paraglidingearth.com/?site=2800;0
17969;Prariond;45.5364;6.6727;1340;;1;0;1;0;0;0;0;;;;;http://www.paraglidingearth.com/?site=17969;0
10916;prat d'Albis;42.9215;1.5816;1199;N,NE,E,W,NW;1;1;1;0;1;1;1;;42.9493;1.5744;489;http://www.paraglidingearth.com/?site=10916;0
19232;Pravouta;45.3112;5.8354;1729;E,SE,S,SW,W,NW;1;0;1;0;0;1;0;;45.2656;5.8415;458;http://www.paraglidingearth.com/?site=19232;0
3047;Praz sur arly;45.8336;6.57028;1009;N,S,W;1;0;0;0;0;0;0;;;;;http://www.paraglidingearth.com/?site=3047;0
2726;Pre valet la sarna;44.9698;5.4487;1041;W;1;0;0;0;0;0;0;;;;;http://www.paraglidingearth.com/?site=2726;0
22112;Puivert;42.8934;2.07114;806;;1;0;0;0;0;0;0;;;;;http://www.paraglidingearth.com/?site=22112;0
2763;Pujo de gery;42.9194;0.66899;0;N;1;0;0;0;0;0;0;;;;;http://www.paraglidingearth.com/?site=2763;0
2545;Puy Aillaud;44.8504;6.47937;1628;E,SE,S,SW;1;0;1;0;0;1;0;;44.8417;6.48901;1153;http://www.paraglidingearth.com/?site=2545;0
2902;Puy de corent;45.6617;3.17694;558;SE,S,SW,W,NW;1;0;0;0;0;0;0;;;;;http://www.paraglidingearth.com/?site=2902;0
2896;Puy de Dome;45.7728;2.9625;1422;N,NE,E,SE,S,SW,W,NW;1;0;1;0;0;0;1;;45.7733;2.986;897;http://www.paraglidingearth.com/?site=2896;0
2909;Puy de l\'angle et du mareuilh;45.5728;2.84;1713;E,SE,W;1;0;0;0;0;0;0;;;;;http://www.paraglidingearth.com/?site=2909;0
2910;Puy de l\'ouire;45.6286;2.83139;1481;N,SW,W,NW;1;0;0;0;0;0;0;;;;;http://www.paraglidingearth.com/?site=2910;0
2656;Puy de la monediere;45.486;1.83939;902;N,NE,E,W,NW;1;0;0;0;0;0;0;;45.4934;1.83892;654;http://www.paraglidingearth.com/?site=2656;0
2911;Puy de la tache;45.5919;2.84556;1606;N,NE;1;0;0;0;0;0;0;;45.5964;2.85108;1396;http://www.paraglidingearth.com/?site=2911;0
2639;Puy de la tourte Est;45.1161;2.67127;1585;E;1;0;1;0;0;1;0;;45.1398;2.6961;1050;http://www.paraglidingearth.com/?site=2639;0
19234;Puy de la Tourte Ouest;45.1192;2.6694;1651;SW,W,NW;1;0;1;1;0;1;0;;45.1381;2.6488;992;http://www.paraglidingearth.com/?site=19234;0
16706;Puy de Paillaret;45.5083;2.8255;1707;SE,S,SW,W;1;0;1;1;0;1;1;;45.4975;2.8224;1369;http://www.paraglidingearth.com/?site=16706;0
2894;Puy de st romain;45.6808;3.24639;708;S,SW,W;1;0;0;0;0;0;0;;;;;http://www.paraglidingearth.com/?site=2894;0
17658;Puy Marmant;45.7063;3.1898;415;N,NE,E,W,NW;1;0;0;0;0;0;0;;45.7076;3.1897;397;http://www.paraglidingearth.com/?site=17658;0
2642;Puy mary - nord est;45.1063;2.68162;1582;E;1;1;1;0;0;1;0;;45.1394;2.69624;1052;http://www.paraglidingearth.com/?site=2642;0
2641;Puy mary - sud;45.1043;2.66116;1535;S;1;0;0;0;0;0;0;Liadouze;45.0817;2.67658;1027;http://www.paraglidingearth.com/?site=2641;0
23440;Pène de Souquette - Ayzac;43.0477;-0.0958;1415;SE,S,SW;1;;;;;;;;;;;http://www.paraglidingearth.com/?site=23440;0
2738;Quatremare;49.1768;1.07773;142;W;1;0;0;0;0;0;0;;;;;http://www.paraglidingearth.com/?site=2738;0
22158;Quend;50.3177;1.5449;11;;1;0;0;0;0;0;0;;;;;http://www.paraglidingearth.com/?site=22158;0
2961;Quincié en Beaujolais;46.1085;4.61901;407;N,NE,NW;1;0;1;0;0;0;0;null;46.1126;4.61845;267;http://www.paraglidingearth.com/?site=2961;0
2743;Quittebeuf;49.1131;1.02361;140;SE,NW;1;0;0;0;0;0;0;;;;;http://www.paraglidingearth.com/?site=2743;0
17720;Rabou;44.5941;6.0258;1517;SW,W,NW;1;0;0;1;0;0;0;;44.5945;6.0174;1234;http://www.paraglidingearth.com/?site=17720;0
7262;Refuge de l Aigle;45.0108;6.31639;3459;N,NE,E,W,NW;1;0;0;0;0;0;0;;;;;http://www.paraglidingearth.com/?site=7262;0
2946;Reinhardsmunster;48.6775;7.312;526;NE,E,SE;1;1;1;1;0;1;0;;48.6719;7.31946;324;http://www.paraglidingearth.com/?site=2946;0
11391;Reinhardsmunster (pente école );48.6833;7.32494;304;NE;1;0;0;0;0;0;0;null;48.6838;7.32685;284;http://www.paraglidingearth.com/?site=11391;0
3005;Revard;45.6833;5.9747;1515;N,SW,W,NW;1;1;1;0;0;1;0;Aixam;45.6918;5.93667;425;http://www.paraglidingearth.com/?site=3005;0
2567;Revin Fallieres;49.9483;4.6245;357;SE,S,SW;1;0;1;1;0;0;1;;49.9433;4.6257;127;http://www.paraglidingearth.com/?site=2567;0
18824;Reyniès;43.9288;1.43112;176;SE,S,SW,W,NW;1;0;1;1;1;0;1;;43.9263;1.42908;107;http://www.paraglidingearth.com/?site=18824;0
2954;Ribeaugoutte;48.1781;7.15806;1050;NE;1;0;0;0;0;0;0;;;;;http://www.paraglidingearth.com/?site=2954;0
14091;Rigny le Ferron;48.1939;3.638;179;NE;1;0;1;0;0;0;0;;48.195;3.6385;156;http://www.paraglidingearth.com/?site=14091;0
23940;Risoul;42.7637;1.50908;1336;N,SW,NW;1;;;;;;;Val-de-Sos;42.7699;1.503;704;http://www.paraglidingearth.com/?site=23940;0
22646;Roc d'Anglars;44.1435;1.77223;355;N,NE;1;0;0;0;0;0;0;;44.1508;1.77342;135;http://www.paraglidingearth.com/?site=22646;0
11595;roc des grenouilles;42.9009;1.9681;916;N,NW;1;0;1;1;0;0;0;;42.9107;1.9578;546;http://www.paraglidingearth.com/?site=11595;0
16481;Roche Champion;46.5895;6.1238;1318;NW;1;0;0;0;0;0;0;;;;;http://www.paraglidingearth.com/?site=16481;0
10730;Roche de minuit;47.9887;6.8611;944;N;1;0;0;1;0;0;0;;;;;http://www.paraglidingearth.com/?site=10730;0
14626;Roche de Mio;45.494;6.7341;2706;;1;0;0;0;0;0;0;;;;;http://www.paraglidingearth.com/?site=14626;0
2697;Roche les clerval;47.3567;6.47889;560;N,NE,NW;1;0;0;0;0;0;0;;;;;http://www.paraglidingearth.com/?site=2697;0
2988;Roche parstir;45.6708;6.59778;2044;W;1;0;1;0;0;0;0;;;;;http://www.paraglidingearth.com/?site=2988;0
2975;Roche-coche;46.3677;4.7049;424;SE,S,SW,W;1;0;0;0;0;0;0;;46.3673;4.7016;355;http://www.paraglidingearth.com/?site=2975;0
22922;Roche-en-Régnier;45.2123;3.93178;846;S,SW;1;;;;;;;;;;;http://www.paraglidingearth.com/?site=22922;0
22883;Rocher du diable;44.1259;5.01706;239;;1;;;;;;;;;;;http://www.paraglidingearth.com/?site=22883;0
2559;Roches des cuzets;44.8919;4.1844;0;E;1;0;0;0;0;0;0;;;;;http://www.paraglidingearth.com/?site=2559;0
11261;Rognes;43.686;5.3702;368;SW,W,NW;1;0;0;1;0;0;0;;43.686;5.3701;368;http://www.paraglidingearth.com/?site=11261;0
10072;Romaniere;43.7021;4.9854;250;S,SW;1;0;1;1;0;0;0;;43.696;4.9867;109;http://www.paraglidingearth.com/?site=10072;0
11592;Roquefeuil;42.8119;1.9935;1163;N,NE,NW;1;0;1;1;0;0;0;;42.8177;1.9911;941;http://www.paraglidingearth.com/?site=11592;0
2766;Roquefort sur garonne;43.1597;0.99028;487;W;1;0;1;0;0;0;0;;;;;http://www.paraglidingearth.com/?site=2766;0
2677;Roselier;48.5547;-2.7158;56;N,NE,E,SE;1;1;0;1;0;0;0;;;;;http://www.paraglidingearth.com/?site=2677;0
2704;Rosemont;47.2217;6;448;S,SW,W;1;0;0;0;0;0;0;;;;;http://www.paraglidingearth.com/?site=2704;0
10729;Rothenbachkopf;48.0062;6.9806;1205;NE,E,SE;1;0;1;1;0;0;0;;;;;http://www.paraglidingearth.com/?site=10729;0
2722;Roynac - col du deves;44.6575;4.93653;453;SW;1;0;0;0;0;0;0;null;44.6527;4.92509;199;http://www.paraglidingearth.com/?site=2722;0
3086;Rupt sur moselle;47.9225;6.68583;800;SW;1;0;0;0;0;0;0;;;;;http://www.paraglidingearth.com/?site=3086;0
3076;Rustrel;43.9417;5.47611;921;W;1;0;0;0;0;0;0;;43.9239;5.45916;318;http://www.paraglidingearth.com/?site=3076;0
21981;Ruy Nord;44.5082;5.15777;959;N,NE,NW;1;0;0;0;0;0;0;;44.5204;5.15561;565;http://www.paraglidingearth.com/?site=21981;0
22614;Ruy Sud;44.5042;5.1649;1074;SW;1;0;0;0;0;0;0;;;;;http://www.paraglidingearth.com/?site=22614;0
2723;Sahune;44.3667;5.2667;0;W;1;0;0;0;0;0;0;;;;;http://www.paraglidingearth.com/?site=2723;0
2815;Sail sous couzan;45.7258;3.96972;512;E,SE;1;0;0;0;0;0;0;;;;;http://www.paraglidingearth.com/?site=2815;0
11098;Saint Amand Nord;44.1862;5.0684;678;N,NW;1;0;1;1;0;0;0;;44.1911;5.0671;507;http://www.paraglidingearth.com/?site=11098;0
16174;Saint Clair;45.286;4.67007;652;;1;0;0;0;0;0;0;;;;;http://www.paraglidingearth.com/?site=16174;0
2753;Saint Come;43.8354;4.1979;190;S;1;0;1;1;0;0;0;;43.8353;4.19778;185;http://www.paraglidingearth.com/?site=2753;0
20863;Saint Croix Airfield;43.773;6.15983;650;;1;0;0;0;0;0;0;;;;;http://www.paraglidingearth.com/?site=20863;0
2683;Saint cyprien;44.8589;1.02056;170;E,SE;1;0;1;1;0;0;1;;;;;http://www.paraglidingearth.com/?site=2683;0
19309;saint denis de vaux;46.7923;4.70447;373;NW;1;0;0;1;0;0;0;;46.7923;4.70011;305;http://www.paraglidingearth.com/?site=19309;0
11384;Saint Florent;42.6702;9.2973;120;N,NE,NW;1;0;0;1;0;0;0;;42.6737;9.2892;1;http://www.paraglidingearth.com/?site=11384;0
6176;Saint Hilaire du Touvet;45.3069;5.88806;906;N,NE,E,SE,S,SW,W,NW;1;1;1;1;0;1;0;Lumbin;45.302;5.90612;229;http://www.paraglidingearth.com/?site=6176;0
11060;Saint Hippolyte le Graveyron;44.1325;5.07497;401;SE,S;1;0;1;1;0;0;0;;44.1283;5.0751;225;http://www.paraglidingearth.com/?site=11060;0
16688;Saint Jean de Beugné;46.516;-1.0853;46;N,E,SE,S,W,NW;1;1;0;0;1;0;0;;46.5088;-1.0724;37;http://www.paraglidingearth.com/?site=16688;0
11101;Saint Jean de Sault;44.0413;5.4035;1003;SW,W,NW;1;0;1;1;0;0;0;;44.0402;5.3957;826;http://www.paraglidingearth.com/?site=11101;0
19743;Saint Juire Champgilion;46.5758;-1.024;56;N,S;1;0;0;0;0;0;0;;46.5758;-1.024;56;http://www.paraglidingearth.com/?site=19743;0
2847;Saint mathurin;47.43;-0.343;17;E,W;1;0;1;0;1;0;1;;;;;http://www.paraglidingearth.com/?site=2847;0
21982;Saint Maurice;44.5637;5.07625;896;N,NW;1;0;0;0;0;0;0;Col du Pertuis;44.5626;5.09079;639;http://www.paraglidingearth.com/?site=21982;0
9294;Saint Pabu;48.6048;-2.5054;10;N,W,NW;1;1;1;1;0;0;0;;;;;http://www.paraglidingearth.com/?site=9294;0
19191;Saint Pabu;48.5749;-4.6256;9;N,NE,E;1;0;0;0;0;0;0;;48.5748;-4.6253;4;http://www.paraglidingearth.com/?site=19191;0
2675;Saint philippe;46.9625;4.62361;495;S;1;0;0;0;0;0;0;;;;;http://www.paraglidingearth.com/?site=2675;0
2785;Saint Pierre de Chartreuse - La Scia;45.3453;5.846;1662;SE,S,SW,W,NW;1;0;1;0;0;1;0;;45.3323;5.8448;977;http://www.paraglidingearth.com/?site=2785;0
2758;Saint sebastien;44.3106;4.14833;401;N,NE;1;0;0;0;0;0;0;;;;;http://www.paraglidingearth.com/?site=2758;0
2512;Saint sorlin;45.88;5.39889;663;S,SW,W;1;0;0;0;0;0;0;null;45.8742;5.38315;199;http://www.paraglidingearth.com/?site=2512;0
2539;Saint Vincent les Forts;44.4432;6.3716;1269;SW,W,NW;1;1;1;1;0;1;0;;44.4419;6.3719;1262;http://www.paraglidingearth.com/?site=2539;0
22921;Saint-Bérain;45.0182;3.64278;1069;SW,W;1;;;;;;;;;;;http://www.paraglidingearth.com/?site=22921;0
2566;Saint-Desirat;45.2536;4.79678;295;N,E,W;1;0;0;0;0;0;0;;45.2592;4.79477;137;http://www.paraglidingearth.com/?site=2566;0
23012;Saint-Geniez;44.2533;6.07062;1642;;1;;;;;;;;;;;http://www.paraglidingearth.com/?site=23012;0
22391;Saint-Gervais-les-Bains - La charme;45.8783;6.74341;1840;W;1;0;1;0;0;0;0;;45.8839;6.71201;834;http://www.paraglidingearth.com/?site=22391;0
3041;Saint-Gervais-les-Bains - Mont Paccard;45.8944;6.72667;1313;SW,W,NW;1;0;0;0;0;0;0;Piscine;45.8841;6.7118;831;http://www.paraglidingearth.com/?site=3041;0
22603;Saint-Gervais-les-Bains - Plancert;45.8916;6.73694;1621;SW,W,NW;1;0;1;0;0;0;0;La piscine;45.8842;6.71217;834;http://www.paraglidingearth.com/?site=22603;0
22842;Saint-Jean-de-la-Porte;45.5607;6.13458;307;;1;0;0;0;0;0;0;;;;;http://www.paraglidingearth.com/?site=22842;0
2731;Saint-Jean-en-Royans;45.0067;5.31736;862;N,W,NW;1;0;0;0;0;0;0;Aérodrome St-Jean-en-Royans;45.0248;5.31202;264;http://www.paraglidingearth.com/?site=2731;0
22696;Saint-Léger-les-Mélèzes;44.6357;6.22385;1986;;1;0;0;0;0;0;0;;;;;http://www.paraglidingearth.com/?site=22696;0
22254;Saint-Léonard-des-Bois;48.3537;-0.07175;206;W;1;0;1;1;0;1;0;;;;;http://www.paraglidingearth.com/?site=22254;0
22255;Saint-Léonard-des-Bois;48.3512;-0.07601;98;;1;0;0;0;0;0;0;;;;;http://www.paraglidingearth.com/?site=22255;0
23359;Saint-Martin-aux-Buneaux;49.8429;0.5583;54;W,NW;1;0;0;1;0;0;0;;;;;http://www.paraglidingearth.com/?site=23359;0
22636;Saint-Maurice;45.6327;5.68847;703;W,NW;1;0;1;0;0;1;0;;45.6463;5.69112;216;http://www.paraglidingearth.com/?site=22636;0
22235;Saint-Moré;47.5722;3.76677;220;NE;1;0;0;0;0;0;0;;;;;http://www.paraglidingearth.com/?site=22235;0
23360;Saint-Pierre-en-Port bas;49.8085;0.48796;21;NW;1;0;0;1;0;0;0;Atterro plage;49.8087;0.48739;12;http://www.paraglidingearth.com/?site=23360;0
23361;Saint-Pierre-en-Port haut;49.8106;0.49114;67;;1;0;0;1;0;0;0;;;;;http://www.paraglidingearth.com/?site=23361;0
23984;Saint-Séglin (Treuil);47.8451;-2.04323;30;;1;0;1;0;1;0;1;;;;;http://www.paraglidingearth.com/?site=23984;0
2589;Sainte colombe - Eaux-Puiseaux;48.1198;3.9041;262;W;1;0;1;1;0;0;1;;48.1182;3.9002;189;http://www.paraglidingearth.com/?site=2589;0
2588;Sainte germaine;48.2183;4.69944;314;NE;1;0;0;0;0;0;0;;48.2199;4.71012;166;http://www.paraglidingearth.com/?site=2588;0
2966;Sainte marie en chanois;47.8378;6.528;456;SE,S,SW;1;0;0;0;0;0;0;;47.8337;6.52626;353;http://www.paraglidingearth.com/?site=2966;0
22612;Sainte-Jalle;44.3453;5.28714;414;;1;0;0;0;0;0;0;;;;;http://www.paraglidingearth.com/?site=22612;0
22939;Sainte-Rose;-21.158;55.7632;805;;1;;;;;;;;;;;http://www.paraglidingearth.com/?site=22939;0
10150;Sainte-Victoire - Pic des Mouches;43.5389;5.64472;990;SE,S,SW;1;0;1;0;0;0;1;;43.5292;5.6425;420;http://www.paraglidingearth.com/?site=10150;0
7232;Saleve - Les Crêts;46.1302;6.17151;1258;SW,W,NW;1;1;1;1;0;0;0;Le Coin;46.1337;6.16068;690;http://www.paraglidingearth.com/?site=7232;0
3023;Saleve - Telepherique;46.1548;6.19434;1095;N,NE,NW;1;0;1;1;0;0;0;Jules Ferry;46.1696;6.2019;396;http://www.paraglidingearth.com/?site=3023;0
14690;Salvaris;45.4167;4.4832;1073;N,NE,NW;1;0;1;0;0;0;1;;45.4322;4.4785;693;http://www.paraglidingearth.com/?site=14690;0
3043;Sambuy;45.6913;6.27235;1908;N,NE,E,NW;1;0;1;0;0;1;0;;45.7;6.30971;785;http://www.paraglidingearth.com/?site=3043;0
22103;San Bastanio;42.0211;8.75456;665;N,W,NW;1;0;0;0;0;0;0;;;;;http://www.paraglidingearth.com/?site=22103;0
2903;Sancy est;45.5306;2.81306;1762;N;1;0;0;0;0;0;0;;;;;http://www.paraglidingearth.com/?site=2903;0
2901;Sancy nord;45.6006;2.785;1455;S;1;0;0;0;0;0;0;;;;;http://www.paraglidingearth.com/?site=2901;0
3006;Sapenay (pass);45.8242;5.86722;896;SW,W;1;0;1;1;0;0;0;;;;;http://www.paraglidingearth.com/?site=3006;0
3011;Sapenay (south-west);45.7989;5.86694;698;SW;1;0;1;1;0;0;0;;;;;http://www.paraglidingearth.com/?site=3011;0
2603;Saujac;44.4872;1.89139;305;W,NW;1;0;0;0;0;0;0;null;44.488;1.88691;150;http://www.paraglidingearth.com/?site=2603;0
3087;Saulxures - graviers;47.9533;6.72531;753;NE,E;1;0;1;1;0;0;0;;;;;http://www.paraglidingearth.com/?site=3087;0
2897;Saurier;45.5286;3.05889;892;N,NE,SE,S,W,NW;1;0;0;0;0;0;0;;;;;http://www.paraglidingearth.com/?site=2897;0
19061;Saussemare;49.8932;0.86503;6;;1;0;0;0;0;0;0;;;;;http://www.paraglidingearth.com/?site=19061;0
2770;Saut de Vesole;43.5628;2.82944;1063;SE,S;1;0;0;0;0;0;0;;;;;http://www.paraglidingearth.com/?site=2770;0
9735;savigny sous malain;47.3375;4.7541;531;SE,S,SW;1;0;1;0;0;0;0;;47.3371;4.751;518;http://www.paraglidingearth.com/?site=9735;0
2950;Schnepfenried;47.9793;7.0431;1221;NE,E;1;0;1;1;0;0;0;;47.9872;7.0698;604;http://www.paraglidingearth.com/?site=2950;0
2943;Schwartzbach;48.4991;7.2821;462;N,NE,NW;1;0;1;0;0;0;0;;48.503;7.278;284;http://www.paraglidingearth.com/?site=2943;0
2711;Sederon-mevouillon : ballons;44.2667;5.64028;1295;S;1;0;0;0;0;0;0;;;;;http://www.paraglidingearth.com/?site=2711;0
2709;Sederon-mevouillon : le fort;44.2389;5.48333;1077;E,W;1;0;1;1;0;0;0;;;;;http://www.paraglidingearth.com/?site=2709;0
21829;Semnoz;45.8048;6.09524;1487;W,NW;1;0;0;0;0;0;0;;45.8126;6.05209;562;http://www.paraglidingearth.com/?site=21829;0
2805;Septmoncel;46.3667;5.9;1066;W;1;0;0;0;0;0;0;;;;;http://www.paraglidingearth.com/?site=2805;0
6875;Serpaton - Gresse en Vercors;44.9103;5.59072;1577;E,SE;1;0;1;0;0;1;0;;44.9189;5.61417;976;http://www.paraglidingearth.com/?site=6875;0
2562;Serre de barre;44.4033;4.08139;587;NE;1;0;1;0;0;0;0;;;;;http://www.paraglidingearth.com/?site=2562;0
2560;Serre en don;44.8722;4.39794;1168;N,NE;1;0;1;0;0;1;0;;44.8858;4.3791;629;http://www.paraglidingearth.com/?site=2560;0
12312;Serres Airoport;44.4555;5.7282;706;;1;0;0;0;0;0;0;;44.4545;5.7274;704;http://www.paraglidingearth.com/?site=12312;0
14513;Serres Beaumont;44.3783;5.6867;1430;NE,E,SE;1;0;0;0;0;0;0;;44.3878;5.7239;719;http://www.paraglidingearth.com/?site=14513;0
2671;Seuriot baudot;47.3417;4.74722;577;E,SE;1;0;0;0;0;0;0;;;;;http://www.paraglidingearth.com/?site=2671;0
22787;Siebach 300;47.9046;6.99225;698;;1;0;0;0;0;0;0;;;;;http://www.paraglidingearth.com/?site=22787;0
3066;Signes - agnis;43.3022;5.8729;697;SE,S,SW;1;0;1;0;0;0;0;;43.2888;5.87139;328;http://www.paraglidingearth.com/?site=3066;0
3065;Signes - siou blanc - la limatte;43.2687;5.8935;736;E;1;0;0;0;0;0;0;;43.2835;5.8906;316;http://www.paraglidingearth.com/?site=3065;0
2754;Sinsans;43.8107;4.1822;175;NE,E,SE;1;0;0;0;0;0;0;;;;;http://www.paraglidingearth.com/?site=2754;0
2867;Sion - vaudemont;48.4087;6.0689;515;S,SW;1;0;1;0;0;0;0;;48.4072;6.0657;451;http://www.paraglidingearth.com/?site=2867;0
14749;Sisteron Gache;44.2246;5.9791;1094;NW;1;0;1;1;0;0;0;;44.2128;5.9571;647;http://www.paraglidingearth.com/?site=14749;0
3101;Socourt;48.3881;6.2492;339;NE,E;1;0;1;1;0;0;0;;48.3874;6.2526;271;http://www.paraglidingearth.com/?site=3101;0
7592;Solaison;46.0424;6.42589;1661;E;1;0;0;0;0;0;0;;46.0637;6.44822;463;http://www.paraglidingearth.com/?site=7592;0
10511;solaure;44.6917;5.3543;1220;SE,S,SW;1;0;1;1;0;1;0;;44.6811;5.3868;485;http://www.paraglidingearth.com/?site=10511;0
14827;soleil boeuf;44.42;6.6517;2190;N,NE,E,SE,S,SW,W,NW;1;0;1;0;0;1;0;;44.3867;6.6692;1154;http://www.paraglidingearth.com/?site=14827;0
19839;Solutre EST;46.2991;4.7193;449;E;1;0;1;1;0;0;0;;46.2969;4.7179;383;http://www.paraglidingearth.com/?site=19839;0
17924;Sommet des Cluots;44.0453;7.00177;1980;;1;0;0;0;0;0;0;;;;;http://www.paraglidingearth.com/?site=17924;0
2863;Soncourt sur marne;48.2564;5.10389;326;SE,S;1;0;0;0;0;0;0;;;;;http://www.paraglidingearth.com/?site=2863;0
3060;Soreze;43.4416;2.0699;0;N,NW;1;0;0;0;0;0;0;;43.4497;2.06609;271;http://www.paraglidingearth.com/?site=3060;0
2501;Sorgia;46.1383;5.85556;1344;SW,W,NW;1;0;1;0;0;0;0;;;;;http://www.paraglidingearth.com/?site=2501;0
15842;Sorède;42.5145;2.97381;521;N,NE,NW;1;0;1;1;0;0;0;;42.5304;2.96722;68;http://www.paraglidingearth.com/?site=15842;0
2548;Sospel - Agaisen;43.8878;7.45583;735;E,SE,S,SW,W;1;0;1;0;0;0;0;;43.8784;7.45858;332;http://www.paraglidingearth.com/?site=2548;0
22397;Sospel - Montegrosso;43.9138;7.46715;1232;SW,W;1;0;1;0;0;0;0;;;;;http://www.paraglidingearth.com/?site=22397;0
11823;Sospel - Tete de la lavina;43.8669;7.41363;1094;E;1;0;0;0;0;0;0;;43.8783;7.45718;342;http://www.paraglidingearth.com/?site=11823;0
2777;Sougeal le marais;48.5139;-1.51389;11;N,NE,E,SE,S,SW,W,NW;1;1;0;0;1;0;1;;;;;http://www.paraglidingearth.com/?site=2777;0
2620;Soulangy;48.9422;-0.20139;163;N,NW;1;0;0;0;0;0;0;;;;;http://www.paraglidingearth.com/?site=2620;0
2826;Soult;44.898;1.65427;242;N,W,NW;1;0;0;0;0;0;0;;44.9009;1.64961;109;http://www.paraglidingearth.com/?site=2826;0
23452;Soum de Coste Oueillere - Payolle;42.8954;0.24923;2448;N,NE,E,SE,S,SW,W,NW;1;0;0;0;0;0;0;;;;;http://www.paraglidingearth.com/?site=23452;0
23446;Soum de Moustayou - Luz Saint-Sauveur;42.8942;0.00397;1814;E,SE,S,SW,W;1;0;0;0;0;0;0;;;;;http://www.paraglidingearth.com/?site=23446;0
23442;Soum de Trezères - Ger;43.0167;-0.01899;1557;N,W,NW;1;0;0;0;0;0;0;;;;;http://www.paraglidingearth.com/?site=23442;0
3064;St Antonin Noble Val;44.158;1.77004;312;N,SE,S,NW;1;1;1;1;0;0;0;;44.1559;1.76116;168;http://www.paraglidingearth.com/?site=3064;0
18649;ST AUBAN;44.0553;5.9891;451;;1;0;0;0;0;0;0;;;;;http://www.paraglidingearth.com/?site=18649;0
3099;St die - kemberg;48.2568;6.932;725;NE,E;1;0;0;0;0;0;0;;48.2578;6.9453;432;http://www.paraglidingearth.com/?site=3099;0
10858;St die - le kiosque;48.2721;6.9326;652;N,NW;1;0;1;0;0;1;1;;48.2785;6.9179;363;http://www.paraglidingearth.com/?site=10858;0
3097;St die - ormont;48.3142;7.00694;878;SW;1;0;1;0;0;0;0;;;;;http://www.paraglidingearth.com/?site=3097;0
2525;St Geniez - le Trainon;44.2492;6.06639;1357;S;1;0;1;1;0;1;0;;;;;http://www.paraglidingearth.com/?site=2525;0
17102;St Guiraud;43.6822;3.4466;239;W,NW;1;0;1;1;0;0;0;Atterissage;43.6843;3.44014;101;http://www.paraglidingearth.com/?site=17102;0
11438;St Jacut;48.6046;-2.1851;14;E;1;0;0;1;0;0;0;;;;;http://www.paraglidingearth.com/?site=11438;0
3018;St jean de maurienne;45.2919;6.31972;1545;S;1;0;0;0;0;0;0;;;;;http://www.paraglidingearth.com/?site=3018;0
2685;St leon sur vezere;45.0172;1.07056;228;SE;1;0;0;0;0;0;0;;45.0172;1.07056;228;http://www.paraglidingearth.com/?site=2685;0
16938;St léonard des bois;48.3482;-0.0825;182;E;1;0;1;1;0;0;0;;48.3486;-0.0802;96;http://www.paraglidingearth.com/?site=16938;0
2614;St Marc d'Ouilly;48.8824;-0.445;181;N,NE;1;0;1;1;0;0;0;;48.886;-0.4421;49;http://www.paraglidingearth.com/?site=2614;0
2745;St samson de la roque;49.4209;0.4272;92;SW;1;0;0;0;0;0;0;;49.4179;0.427;5;http://www.paraglidingearth.com/?site=2745;0
2563;St sebastien;44.3228;4.15278;254;N,NE;1;1;1;1;1;0;0;;;;;http://www.paraglidingearth.com/?site=2563;0
18456;St-Bonnet-de-Chirac;44.513;3.28878;886;;1;0;0;0;0;0;0;;;;;http://www.paraglidingearth.com/?site=18456;0
3105;St. Martin Sur Armancon;47.8739;4.0567;251;SE;1;0;1;1;0;0;0;;47.8721;4.06007;141;http://www.paraglidingearth.com/?site=3105;0
17833;St.Jean-Monclar (Dormillouse);44.4029;6.37156;1901;W,NW;1;0;1;0;0;1;0;null;44.4177;6.35091;1329;http://www.paraglidingearth.com/?site=17833;0
2617;Stade plaine de falaise;49.0111;-0.25417;120;NE;1;0;0;0;0;0;0;;;;;http://www.paraglidingearth.com/?site=2617;0
3075;Ste Anastasie;43.3542;6.1202;446;SE,S;1;1;1;1;0;0;0;;43.3483;6.1179;282;http://www.paraglidingearth.com/?site=3075;0
17085;Ste Marguerite sur Mer;49.9091;0.9373;10;N,NW;1;0;0;1;0;0;0;;49.909;0.9364;4;http://www.paraglidingearth.com/?site=17085;0
19400;Stella;50.485;1.5761;6;W;1;0;0;1;0;0;0;;;;;http://www.paraglidingearth.com/?site=19400;0
2949;Stockenberg;47.8836;7.02139;526;SW,W;1;1;1;1;0;0;0;;;;;http://www.paraglidingearth.com/?site=2949;0
2575;Stonne;49.5507;4.9287;325;N,NE;1;0;0;0;0;0;0;;49.5533;4.9297;251;http://www.paraglidingearth.com/?site=2575;0
14570;SUC AU MAY (site des monedieres);45.4678;1.85139;860;SE,S,SW;1;1;1;1;0;0;0;;45.4617;1.84833;641;http://www.paraglidingearth.com/?site=14570;0
2756;Sueille;44.1078;3.90833;454;SW;1;0;0;0;0;0;0;;;;;http://www.paraglidingearth.com/?site=2756;0
16681;Suhescun;43.2544;-1.17853;534;;1;0;0;0;0;0;0;;;;;http://www.paraglidingearth.com/?site=16681;0
14036;Sulens;45.8186;6.36187;1600;;1;0;0;0;0;0;0;;;;;http://www.paraglidingearth.com/?site=14036;0
2531;Sumiou;44.138;5.8635;0;NE;1;0;0;0;0;0;0;;;;;http://www.paraglidingearth.com/?site=2531;0
2900;Super-besse;45.5247;2.82611;1836;S,SW,W;1;0;0;0;0;0;0;;;;;http://www.paraglidingearth.com/?site=2900;0
2761;Superbagneres - luchon;42.7681;0.57972;1767;E,S;1;1;1;1;0;1;0;;42.7992;0.59957;618;http://www.paraglidingearth.com/?site=2761;0
13607;Sur Cou;46.0201;6.3464;1789;N,S;1;0;1;0;0;1;0;;46.0574;6.3051;608;http://www.paraglidingearth.com/?site=13607;0
2956;Surcenord;48.1525;7.1322;1073;NE,E,SE;1;0;0;0;0;0;0;;;;;http://www.paraglidingearth.com/?site=2956;0
2747;Surtauville;49.1979;1.05606;155;;1;0;0;0;0;0;0;;;;;http://www.paraglidingearth.com/?site=2747;0
22633;Sénergues;44.6372;2.45182;591;W,NW;1;0;1;1;0;0;1;Vieillevie;44.6406;2.43171;211;http://www.paraglidingearth.com/?site=22633;0
2561;Tanargue;44.6117;4.0825;1394;S;1;0;1;1;0;0;0;;;;;http://www.paraglidingearth.com/?site=2561;0
2663;Teghime;42.6744;9.3781;587;NE,E,SE;1;0;0;0;0;0;0;;42.6633;9.35528;80;http://www.paraglidingearth.com/?site=2663;0
23631;Teleski Granier;45.5802;6.64746;1552;;1;;;;;;;;;;;http://www.paraglidingearth.com/?site=23631;0
22530;Tete des lindars;45.9753;6.69965;2520;;1;0;0;0;0;0;0;;;;;http://www.paraglidingearth.com/?site=22530;0
2969;Tete des sapins;47.7603;6.76417;1024;W;1;0;0;0;0;0;0;;;;;http://www.paraglidingearth.com/?site=2969;0
22626;Tete noire de Pormenaz;45.9577;6.79999;2291;SW,W,NW;1;0;1;0;0;0;0;Chedde;45.9282;6.72488;604;http://www.paraglidingearth.com/?site=22626;0
3044;Thollon les memises;46.3812;6.728;1637;N,NE,E,SE;1;0;1;1;0;1;0;;;;;http://www.paraglidingearth.com/?site=3044;0
19734;Thollon les memises - Col de Pertuis;46.3729;6.70493;1589;SE,S,SW;1;0;0;0;0;0;0;;46.3591;6.68163;955;http://www.paraglidingearth.com/?site=19734;0
3040;Thonon-orcier;46.2867;6.49083;1367;N,NE,SW,W,NW;1;0;1;1;0;1;0;;;;;http://www.paraglidingearth.com/?site=3040;0
2554;Thorenc - Col de Bleyne;43.8136;6.80849;1513;SE,S,SW;1;1;1;1;0;1;0;;;;;http://www.paraglidingearth.com/?site=2554;0
2511;Torcieu;45.9111;5.39722;580;N;1;0;0;0;0;0;0;officiel;45.9179;5.40397;268;http://www.paraglidingearth.com/?site=2511;0
16704;Tour de Capigliolo;42.0656;8.7231;76;W,NW;1;0;0;1;0;0;0;;42.0674;8.7214;4;http://www.paraglidingearth.com/?site=16704;0
23544;Tovière;45.4536;6.92175;2640;;1;;;;;;;;;;;http://www.paraglidingearth.com/?site=23544;0
2627;Tracy;49.3425;-0.63556;42;N,NE;1;0;0;0;0;0;0;;49.3425;-0.63556;42;http://www.paraglidingearth.com/?site=2627;0
11361;Trappes - Elancourt;48.7882;1.9677;209;W,NW;1;0;1;1;0;0;0;;48.7884;1.9643;170;http://www.paraglidingearth.com/?site=11361;0
2741;Trebeurden;48.7609;-3.5771;59;W,NW;1;0;0;1;0;0;0;;48.7631;-3.5785;4;http://www.paraglidingearth.com/?site=2741;0
23704;Trechy;48.3994;3.01222;112;S;1;;;;;;;;;;;http://www.paraglidingearth.com/?site=23704;0
14781;Trefeuntec;48.1236;-4.2826;34;SW,W;1;1;0;1;0;0;0;;48.1228;-4.2818;44;http://www.paraglidingearth.com/?site=14781;0
2959;Treh markstein;47.9257;7.01188;1227;S,SW,W,NW;1;1;1;1;0;1;1;;47.9013;6.98278;444;http://www.paraglidingearth.com/?site=2959;0
19457;treompan;48.5716;-4.6624;6;N,NE;1;0;0;1;0;0;0;;48.5715;-4.66154;6;http://www.paraglidingearth.com/?site=19457;0
10078;Tres le mont;46.2856;6.4892;1351;N,W,NW;1;0;1;0;0;1;0;;46.3194;6.4849;619;http://www.paraglidingearth.com/?site=10078;0
15380;Treuil Masserac;47.688;-1.90125;2;;1;0;0;0;0;0;0;;;;;http://www.paraglidingearth.com/?site=15380;0
19190;trez hir;48.35;-4.7012;7;SE;1;0;0;1;0;0;0;;48.35;-4.701;7;http://www.paraglidingearth.com/?site=19190;0
2907;Trossagne;45.5197;2.98389;1075;N,NE;1;0;0;0;0;0;0;;;;;http://www.paraglidingearth.com/?site=2907;0
2750;Tuchenn ar kador;48.3738;-3.9522;369;E,SE;1;1;1;1;0;0;1;;48.375;-3.947;291;http://www.paraglidingearth.com/?site=2750;0
3091;Tumulus;47.9667;6.65278;754;NW;1;0;1;0;0;0;0;;;;;http://www.paraglidingearth.com/?site=3091;0
17719;Tête de Clappe;44.594;5.9522;1786;SE,S;1;0;0;0;0;0;0;;44.5626;5.9405;915;http://www.paraglidingearth.com/?site=17719;0
2974;Uchon;46.8064;4.25276;643;W,NW;1;1;1;1;0;0;0;;46.8034;4.23794;381;http://www.paraglidingearth.com/?site=2974;0
12192;ULM laville au bois;48.0859;5.1986;360;;1;0;0;0;0;0;0;;;;;http://www.paraglidingearth.com/?site=12192;0
14089;urrugne;43.5249;-1.22275;1;;1;0;0;0;0;0;0;;;;;http://www.paraglidingearth.com/?site=14089;0
20093;URSUYA;43.3466;-1.34278;519;;1;0;0;0;0;0;0;;;;;http://www.paraglidingearth.com/?site=20093;0
3012;Val d'Isere;45.4347;6.99056;2499;W;1;0;0;0;0;0;0;;;;;http://www.paraglidingearth.com/?site=3012;0
2987;Val Pelouse;45.4205;6.1691;1696;N,SW,W,NW;1;0;1;0;0;1;0;;45.4391;6.1397;712;http://www.paraglidingearth.com/?site=2987;0
2898;Valbeleix;45.4667;2.99778;1153;N,SW,W,NW;1;0;0;0;0;0;0;;;;;http://www.paraglidingearth.com/?site=2898;0
2719;Valdrome;44.4897;5.5502;1244;N;1;0;0;0;0;0;0;;44.5041;5.5691;812;http://www.paraglidingearth.com/?site=2719;0
11411;Vallandry;45.5614;6.7702;1677;SW,W,NW;1;0;1;0;0;1;0;;45.5916;6.7513;754;http://www.paraglidingearth.com/?site=11411;0
2926;Vallee du louron;42.809;0.3756;1700;NE,E,SE,S;1;1;1;0;0;1;0;;42.802;0.4058;980;http://www.paraglidingearth.com/?site=2926;0
7225;Vallon Pont d\'Arc;44.4241;4.3841;280;SE,S,SW;1;0;1;1;0;0;0;;44.4161;4.3884;113;http://www.paraglidingearth.com/?site=7225;0
22901;Vandeuil;49.2858;3.7896;156;;1;;;;;;;;;;;http://www.paraglidingearth.com/?site=22901;0
10894;Vandières;49.1058;3.7092;204;SE;1;0;1;1;0;0;1;;49.1012;3.7194;64;http://www.paraglidingearth.com/?site=10894;0
3045;"Varan dit  ""Pobu""";45.945;6.682;-1;SE,S,SW;1;0;1;0;0;1;0;null;45.9164;6.66528;556;http://www.paraglidingearth.com/?site=3045;0
22524;"Varan dit ""Verdun""";45.9475;6.68145;-1;SE,S,SW,W;1;0;0;0;0;0;0;;;;;http://www.paraglidingearth.com/?site=22524;0
6184;Varces - Pré du Four;45.0817;5.63275;1236;E,SE;1;0;1;0;0;0;0;;;;;http://www.paraglidingearth.com/?site=6184;0
2799;Varces-plateau de Saint Anges;45.0967;5.64694;971;N;1;0;1;0;0;0;0;;;;;http://www.paraglidingearth.com/?site=2799;0
11417;Vaugelaz (intermediaire);45.604;6.7147;1903;E,SE,S;1;0;1;0;0;1;0;;45.5916;6.7514;754;http://www.paraglidingearth.com/?site=11417;0
2849;Vauville les Pierres pouquelees;49.6499;-1.8556;124;SW;1;0;0;1;0;0;0;;;;;http://www.paraglidingearth.com/?site=2849;0
19355;vaux en prés;46.6292;4.58644;391;NE,E;1;0;1;1;0;0;0;;46.6299;4.58792;337;http://www.paraglidingearth.com/?site=19355;0
9332;Velars sur Ouches;47.3015;4.9005;536;NE,E,W;1;0;1;0;0;0;0;;47.3073;4.903;411;http://www.paraglidingearth.com/?site=9332;0
2577;Verdun;42.7919;1.7075;1058;W;1;0;0;0;0;0;0;;;;;http://www.paraglidingearth.com/?site=2577;0
2995;Verel pragondran;45.6267;5.94611;890;N,NE,E,W,NW;1;1;1;0;0;1;0;Montagny;45.6099;5.93149;302;http://www.paraglidingearth.com/?site=2995;0
19837;Vergission N-NO;46.3154;4.7169;467;N,NW;1;0;1;1;0;0;0;;46.3157;4.7118;381;http://www.paraglidingearth.com/?site=19837;0
19838;Vergission S-SO;46.314;4.7175;455;S,SW;1;0;1;1;0;0;0;;46.3117;4.7217;391;http://www.paraglidingearth.com/?site=19838;0
9845;Vero;42.0721;8.9074;888;SE,S,SW,W,NW;1;0;1;0;0;1;0;;42.0458;8.9243;240;http://www.paraglidingearth.com/?site=9845;0
2622;Versainville;48.9314;-0.18417;144;N,NW;1;0;0;0;0;0;1;;;;;http://www.paraglidingearth.com/?site=2622;0
10903;Vertus;48.9013;3.989;217;E,SE;1;0;0;1;0;0;1;;48.8989;3.9956;127;http://www.paraglidingearth.com/?site=10903;0
2636;Vic sur cere;44.9819;2.65902;1110;NW;1;0;1;0;0;1;0;;44.9844;2.63239;0;http://www.paraglidingearth.com/?site=2636;0
12203;Vic/cère, Les Blattes;44.9869;2.60743;1098;;1;0;0;0;0;0;0;;;;;http://www.paraglidingearth.com/?site=12203;0
2688;Vieilley;47.3242;6.08556;593;N,NW;1;0;0;0;0;0;0;;;;;http://www.paraglidingearth.com/?site=2688;0
2612;Vierville sur mer;49.3828;-0.91056;39;NE;1;0;0;0;0;0;0;;;;;http://www.paraglidingearth.com/?site=2612;0
2783;Villard - cote 2000;45.03;5.5672;1691;N,SW,W;1;0;1;1;0;0;0;;45.0439;5.55917;1151;http://www.paraglidingearth.com/?site=2783;0
23664;"Villaroux ""Les vaches""";45.4562;6.07565;601;N,W,NW;1;0;1;0;0;0;0;;;;;http://www.paraglidingearth.com/?site=23664;0
11467;Villeneuve Renneville;48.9387;4.0575;104;N,NE,E,SE,S,SW,W,NW;1;0;0;0;1;0;0;;48.9387;4.0577;104;http://www.paraglidingearth.com/?site=11467;0
2971;Villers poz;47.6695;6.2514;300;N;1;0;0;0;0;0;0;;;;;http://www.paraglidingearth.com/?site=2971;0
2611;Villers sur mer;49.3184;-0.019;64;N,NW;1;0;0;1;0;0;0;;49.3218;-0.0132;20;http://www.paraglidingearth.com/?site=2611;0
16113;Villerville;49.3912;0.10779;22;NW;1;0;0;1;0;0;0;;49.3916;0.1071;7;http://www.paraglidingearth.com/?site=16113;0
2595;Villeseque des corbieres;43.0092;2.8675;286;NW;1;0;0;0;0;0;0;;;;;http://www.paraglidingearth.com/?site=2595;0
2534;Villevieille;44.0761;6.24139;1007;W;1;0;0;0;0;0;0;Stade Jean Rolland;44.0839;6.22511;584;http://www.paraglidingearth.com/?site=2534;0
10895;Vincelles;49.0999;3.6532;171;S;1;0;1;1;0;0;1;;49.0975;3.6574;106;http://www.paraglidingearth.com/?site=10895;0
11555;Vix;47.9083;4.5325;300;NE,E,W,NW;1;0;1;1;0;0;0;;47.9121;4.5327;195;http://www.paraglidingearth.com/?site=11555;0
6874;Volmerange-les-Mines;49.4468;6.0996;411;NE,E,SE;1;1;1;1;0;0;1;;49.4457;6.1041;299;http://www.paraglidingearth.com/?site=6874;0
2864;Vouecourt;48.2667;5.14583;351;W;1;0;0;0;0;0;0;;;;;http://www.paraglidingearth.com/?site=2864;0
23628;Vouécourt;48.2735;5.13508;300;;1;;;;;;;;;;;http://www.paraglidingearth.com/?site=23628;0
20027;Véron;48.1384;3.31783;127;W;1;0;0;0;0;0;0;;;;;http://www.paraglidingearth.com/?site=20027;0
2886;Wimereux - Pointe de la crèche;50.7512;1.5973;41;S,SW,NW;1;0;0;0;0;0;0;;;;;http://www.paraglidingearth.com/?site=2886;0
23524;Zuydcoote;51.0696;2.47828;5;;1;;;;;;;;;;;http://www.paraglidingearth.com/?site=23524;0
23218;Életot;49.7876;0.43504;90;NW;1;0;0;1;0;0;0;;;;;http://www.paraglidingearth.com/?site=23218;0
18809;étampes;48.4242;2.153;50;NW;1;0;1;1;0;0;0;;48.4258;2.1561;7;http://www.paraglidingearth.com/?site=18809;0
